local_path,bytes,sha256,content_type_guess
site/isscpi.com/2024/06/01/ipc-2024/construction01/index.html,189637,466986a84c46b6e445897ed1ccf115fb2cdc7e57ed224dba1f09d2fe2b3ec5c7,text/html
site/isscpi.com/2024/06/01/ipc-2024/index.html,196828,f2600d28ee182781b40e70eb7a593ae216a342f4bccb83d175e2d6830da08ece,text/html
site/isscpi.com/2024/06/02/konrad-bergmeister/index.html,199087,802574fdc0b5abaa6517be02a08772327d7669ff596017818f3a2baeda5a728b,text/html
site/isscpi.com/2024/06/02/vijay-singh/index.html,198777,9157a53f3802b920f52f12074f5329d02a0d73e2ef956d8bac9e9351d86b45fb,text/html
site/isscpi.com/2024/06/02/xiangyu-wang/index.html,199262,2de0eff4551df140444ca1ac2f9ef77c64a9e685e85e877fddf294af736d6bad,text/html
site/isscpi.com/2024/06/11/jun-wang/index.html,197730,3b1fcf83094165ec0cf04706aa28b09322e08ec69692b77f6218b5b89e311c9c,text/html
site/isscpi.com/2024/06/15/ipc-annual-meeting/attachment/003/index.html,189881,4daa082973d130fba32c2171ba9ef77f7f70641c8b981bfd71376cbbd939b571,text/html
site/isscpi.com/2024/06/15/ipc-annual-meeting/attachment/004/index.html,189881,c1316b8edc7310f307ce27d4fefbcc28c17bbb17d0be099d6e8c44714721fe1e,text/html
site/isscpi.com/2024/06/15/ipc-annual-meeting/index.html,195719,7e8fbefae9f35b6f1974c21bb4ac7bcbc125116bd438d4285c5633030f8d9ad9,text/html
site/isscpi.com/2024/06/28/how-to-change-the-world/building/index.html,189654,328cd60e7d263c9845b25304f651750aa75baefbf3a718fcd0e5576b7df66fb2,text/html
site/isscpi.com/2024/06/28/how-to-change-the-world/index.html,195845,aea0533f96f99c3cb7010c44edd086573311c4f395a449099103234b39b2bd02,text/html
site/isscpi.com/2024/06/28/xiangyu-wang/index.html,199262,2de0eff4551df140444ca1ac2f9ef77c64a9e685e85e877fddf294af736d6bad,text/html
site/isscpi.com/2024/06/29/konrad-bergmeister/committee_konrad/index.html,189524,7bce926a558e3fa784b30d7821616cf0896da6ad799074d55e31e47ad337de1b,text/html
site/isscpi.com/2024/06/29/konrad-bergmeister/index.html,199087,802574fdc0b5abaa6517be02a08772327d7669ff596017818f3a2baeda5a728b,text/html
site/isscpi.com/2024/07/02/vijay-singh/committee_vijay-1/index.html,189460,5c532783be3802105c329749e3307594b5f9c7a0f609e3bbe8db7245bb14d40f,text/html
site/isscpi.com/2024/07/02/vijay-singh/index.html,198777,9157a53f3802b920f52f12074f5329d02a0d73e2ef956d8bac9e9351d86b45fb,text/html
site/isscpi.com/2024/07/08/welcome-from-the-founding-presidents/index.html,218499,9c6b3441ad00b576076109196aff90c719815acf29a367133e5519af7f9c5009,text/html
site/isscpi.com/2024/07/08/welcome-from-the-founding-presidents/konrad/index.html,189595,bb1d072eddf83ea77c4adcb6ca6709a6d2370a74b469d81d8a72446816a9eb86,text/html
site/isscpi.com/2024/07/08/welcome-from-the-founding-presidents/vijay/index.html,189080,e585fbacbe3a7f6b126d413086bd8813d099aa82f8357a5e71c0d36a39b46346,text/html
site/isscpi.com/2024/07/08/welcome-from-the-founding-presidents/xyw/index.html,189575,14d06faeb35a322013af7b19ab2f38fd78a9bc748418b8fc43119e49cd594350,text/html
site/isscpi.com/2025/04/03/task-group-1-geospatial-intelligence-for-smart-buildings-and-infrastructure/feed/index.xml,944,e6841589cf8bbdc4ccdd1c7231550b7a9a4eef2d151fe03ee63a5ee26f46369a,application/xml
site/isscpi.com/2025/04/03/task-group-1-geospatial-intelligence-for-smart-buildings-and-infrastructure/index.html,206445,8ecbd8762164805dc39029db408d9ada1bbc93a17ba8c9b5b6a214dc0c75d30e,text/html
site/isscpi.com/2025/04/03/task-group-2-smart-site-safety-3s/feed/index.xml,818,76b53a6112740304316bb0cdc33ac9c1ef017c996a2fea76a25c914afe0680a5,application/xml
site/isscpi.com/2025/04/03/task-group-2-smart-site-safety-3s/index.html,204699,344e0b30c6a29618fe9c89de396ae634570227000022eb70b150e2b1dfe27f04,text/html
site/isscpi.com/2025/08/03/task-group-3-future-ready-construction-education/index.html,199367,883c10e40ddfe4c33fbcf77bdeb81b20291738554f7a66ec4a22a75b089ead96,text/html
site/isscpi.com/2025/09/29/task-group-4-sustainable-cementitious-materials-and-intelligent-construction/index.html,198899,f525e9e1a9503321f3f36a932f028e52d2defbb7676dc1cda7aacf8020923fcc,text/html
site/isscpi.com/aboutus/index.html,195800,eafb85a927592140ee5ae30408131d23e60c771309f59eb45c2055b011e08080,text/html
site/isscpi.com/aboutus/wechat/index.html,189561,992a6768c9dff9387538a6326d7727ac19dabb4963a74be32014176c6aa53a49,text/html
site/isscpi.com/artboard-1/index.html,188936,f2b8743d63857b0e7612e20043030ceda3b9f15b9e255891a4caaf6f332153d8,text/html
site/isscpi.com/artboard-12x/index.html,189345,d9cb3a9d83b59d2b18e4d79b19b3764cab6dac511b27ffe8859916f63dfc4de8,text/html
site/isscpi.com/author/societyscp/feed/index.xml,55934,7d106b7708b20d87fbc054d42e35771112795f3c5c4ebc98f59fd24dacdc4392,application/xml
site/isscpi.com/author/societyscp/index.html,195877,2a26aeb64f1cee053498a9f014780a8ad1913481d5f3b88f72629af55336fd08,text/html
site/isscpi.com/author/societyscp/page/2/index.html,184847,d1d90a1b32705d61cb459da82931a322f52ed25c6454e450cc2f02d294ad4260,text/html
site/isscpi.com/awards/2025-scp-award-ceremony/2020_award_01/index.html,190439,d36e21f3d76cb5536b34b0282376f91216285f8a7259ec35c51ffb6ea0ef4ae8,text/html
site/isscpi.com/awards/2025-scp-award-ceremony/2025_award_02/index.html,190352,cd4c81ca0daece29f7a0d24f40e270d1ad12869050703fa79b655dcdb218b9e8,text/html
site/isscpi.com/awards/2025-scp-award-ceremony/2025_award_03/index.html,190439,4df97a5e46a2dce2300d7eba2f9540975ca1b7e9e19db5e44574cd872a13192e,text/html
site/isscpi.com/awards/2025-scp-award-ceremony/2025_award_04/index.html,190352,227c71d2af89f6f41b25a312a7063770c403bb191adabe55d57260aa4333c408,text/html
site/isscpi.com/awards/2025-scp-award-ceremony/2025_award_05/index.html,190439,fcd8194e11975b18de016b754e5376607cf9ffd7dffd8454b843367b6236ab0f,text/html
site/isscpi.com/awards/2025-scp-award-ceremony/2025_award_06/index.html,190352,a2011fb811bf606464de1fc5791e472c511428c1afcab08b17085820bf07d832,text/html
site/isscpi.com/awards/2025-scp-award-ceremony/2025_award_07/index.html,190439,a26273f383bd3af2365869fdf7eddc2b0fa7ba68101b2e94545fd72f424c6b5e,text/html
site/isscpi.com/awards/2025-scp-award-ceremony/2025_award_08/index.html,190350,597128ff20f7dc605d230d981498d4f682b26877e7947ecc7e8f3fb73f43f717,text/html
site/isscpi.com/awards/2025-scp-award-ceremony/index.html,209934,bdc08d988811d01c1ed435432a4fb4550306ef3a908e4d5d23e6c76a0ed2e8e9,text/html
site/isscpi.com/awards/index.html,211785,c1a22d35178de2e6fd160799738bf2f3ca0d9be59765268daa70258f0446402f,text/html
site/isscpi.com/category/committee/feed/index.xml,15242,16e9ef060692788353e22c20203d163b13c5addeced2b8c36ea9f53a0319e49a,application/xml
site/isscpi.com/category/committee/index.html,186017,ef3ad2a5eda4ae51f48fded0a17e29e0e14435e0329315b26f3228377df9b524,text/html
site/isscpi.com/category/uncategorized/feed/index.xml,48471,f8ef0cc453f9269934c58a7ed330973aaa38b7d643ab02b3d26a59e844c1d91f,application/xml
site/isscpi.com/category/uncategorized/index.html,194775,c3d587e4ae3d2c7aaf99fe0cd6efee6fee2948966a4425b3d6e9e0d5b0b2a4ce,text/html
site/isscpi.com/comments/feed/index.xml,733,dee3fa654f611628dd617ddd679eb83880fa12dc0c20c8d980cbadf946ac2edf,application/xml
site/isscpi.com/conference/index.html,193691,a64ca570296c579eee635bf3e0eaff2a5a0964ba7894fe3e0be636fd60ed3dd0,text/html
site/isscpi.com/conference/ipc2024-conference-proceedings/index.html,188865,88343659c0bc52ca513e0c2c2aee050a7c3b0dab54b9570739ebde5f635bd6a6,text/html
site/isscpi.com/conference/ipc2024-conference-program/index.html,188793,5b7e0c0f75b627598019ea9b43a213e76240d33755ebab7d37e761be8fa9b8e0,text/html
site/isscpi.com/contact-us/index.html,209808,20251b25d974604727ec8078bd0addee0f2a50f5166770a8f1661d6d28f2124b,text/html
site/isscpi.com/cropped-cropped-imge03-jpg/index.html,190052,f56568d78cc2a1af6a962f975390c1b61c274c6d27aa1cc57c090ca6cd5985f1,text/html
site/isscpi.com/cropped-imge03-jpg/index.html,189780,ed1556ccd979977bfe568cae734c3a3f38d6cbf60385d7f4f572b63506861488,text/html
site/isscpi.com/feed/index.xml,55892,c14bbbe90efa177dc20825f3398e82e0913957c6476c65f8eaa7d02c13773b89,application/xml
site/isscpi.com/governance/003-2/index.html,189199,959ee103f0c083f0bd86befd56c1568d27ed7eabf2c67ddf0a5189e58910fe9e,text/html
site/isscpi.com/governance/abdel-hamid/index.html,189395,3a67c16901614247e43962deff31032812a978d5491a9043936294967e14242f,text/html
site/isscpi.com/governance/attachment/001/index.html,188907,5046a7dd7f70f46ab0a44ba93d34bcdfb2b982dcd968835af180207c71ffb489,text/html
site/isscpi.com/governance/attachment/002/index.html,188908,bb0ca9a7a5d763510f9e2352999cbe749e35636f0d312d7f41771ed1fa1035d0,text/html
site/isscpi.com/governance/brahim/index.html,189260,f1bf40a58b1bbca647002bfffa13d971e20c2b1553f3b3b258ba94c65c5cd82f,text/html
site/isscpi.com/governance/giuseppe/index.html,189427,44b52e904e8e6f9ab748f86a20d3f131de7ebbd437135fcf49b5dadb614d5abb,text/html
site/isscpi.com/governance/index.html,225609,d80bfcfa23b5d9b1b33eecaf3d1f962c3f6cc5d7c7eb37ffbe7e34abfd26f3b9,text/html
site/isscpi.com/governance/lanfcsmith/index.html,189368,d0c19181326bd454e0884f7c5b72d85cf76d5aaa65dbc118122d6287df638309,text/html
site/isscpi.com/governance/markbillinghurst/index.html,189530,11d7037d8cbc5792409fa147028f79590315a602ec5402f5ecf4a72024fc29e4,text/html
site/isscpi.com/governance/miroslaw/index.html,189326,267d58f32b0a3733f5594add74e6b87bd4fa66590819c9e76f732a72f7e58b0f,text/html
site/isscpi.com/governance/shah-surenda/index.html,189422,9c3c96ecdb1727c69125749c7236750d115119ae2cf92d73b9bec0114a8a870c,text/html
site/isscpi.com/governance/vp_junwang/index.html,189088,eac4d47744a7f3f7e0a6ad765c5b7ef196722596e8129f83b147c86f48218916,text/html
site/isscpi.com/icon/index.html,188708,d98a587d9bfcf1ff80be9dfbcd1afd4ef47e600a4d2e822d4f423afa48a9b481,text/html
site/isscpi.com/icon-2/icon-3/index.html,190095,4e6fb41427eeb45ab89dd2d7930cc277bd452d530b32a96b79e678ba9eab1d57,text/html
site/isscpi.com/icon-2/index.html,189071,b97da4d019ef817ba3cbb6bf4171fcc715a00da3a8923c0a0433602997ac1ae2,text/html
site/isscpi.com/image-sitemap-1.xml,13716,cce7eaa9581418f997a9fe6b5d8dcc108786ff49a878d84a95737270582b8bae,application/xml
site/isscpi.com/imge03/index.html,189214,d1cfa0c1f88f02b99b35bf82231c9cd123d6d1ed0546666ed268ec457968c405,text/html
site/isscpi.com/index.html,206748,d82cfd373919e8fa56d1cca73cfa76a8667d763eb56dc1051bef5f2f1a867741,text/html
site/isscpi.com/index__q_05b6d70b3e32.html,211785,c1a22d35178de2e6fd160799738bf2f3ca0d9be59765268daa70258f0446402f,text/html
site/isscpi.com/index__q_15df98094544.html,200042,1b41f4ebd7521a769dc09be6dedc510cbf721840561d2ebfa142472dee2db85d,text/html
site/isscpi.com/index__q_19d8ebd8e2f8.html,195719,7e8fbefae9f35b6f1974c21bb4ac7bcbc125116bd438d4285c5633030f8d9ad9,text/html
site/isscpi.com/index__q_1a86417a0077.html,204699,344e0b30c6a29618fe9c89de396ae634570227000022eb70b150e2b1dfe27f04,text/html
site/isscpi.com/index__q_1ab59d86aedd.html,199367,883c10e40ddfe4c33fbcf77bdeb81b20291738554f7a66ec4a22a75b089ead96,text/html
site/isscpi.com/index__q_1ee86f51f366.html,199262,2de0eff4551df140444ca1ac2f9ef77c64a9e685e85e877fddf294af736d6bad,text/html
site/isscpi.com/index__q_30cbb846b4ad.html,190375,3d0b22776c417bbcdbc8f5373b9cf0e4743ca938f647af48b652b6b0ab1fcf3c,text/html
site/isscpi.com/index__q_349307f0892e.html,199686,aec99a83e13e09abab953fef4b593c3f39abf756e5a010d6f857434f39ad495c,text/html
site/isscpi.com/index__q_355ea391a5ba.html,197730,3b1fcf83094165ec0cf04706aa28b09322e08ec69692b77f6218b5b89e311c9c,text/html
site/isscpi.com/index__q_3abab9b00fbb.css,6518,d6d169270332ad44c1c34cbf9dd3f905af1a5e2e37cec62a6104343f096f2fca,text/css
site/isscpi.com/index__q_403ee10ba885.html,193049,c03d2ad9220b29ff3ae854915b4ba9a855398d310ea53cd6fa4259af38844652,text/html
site/isscpi.com/index__q_4379e320df48.html,188839,42bb34152286727a16907dc48f9ee8228de11c746dcdd5d90de9adafe888d1fd,text/html
site/isscpi.com/index__q_48c4a2c9ebff.html,191943,c86ec11913b1a4a717fc0db36b8881b215e9401b2a0ad27196bd72085136965c,text/html
site/isscpi.com/index__q_6319303890c2.html,189435,6a7a3ef9deaf915440237259d0c3c7ff6cd146aa2c8458a9643f5617cecaf94d,text/html
site/isscpi.com/index__q_6fea64e54704.html,189586,ce233d8aac415c5903fad34c38e7554ee038e91320533dc47ef0bdad25c5d93f,text/html
site/isscpi.com/index__q_734189259779.html,200022,ead9c9fd109fd40e99c10648802feccce63e8f8b95218c26392329164e71a72d,text/html
site/isscpi.com/index__q_7b117a8d073f.html,199087,802574fdc0b5abaa6517be02a08772327d7669ff596017818f3a2baeda5a728b,text/html
site/isscpi.com/index__q_7fc497a398a8.html,196828,f2600d28ee182781b40e70eb7a593ae216a342f4bccb83d175e2d6830da08ece,text/html
site/isscpi.com/index__q_874633e6eb43.html,209934,bdc08d988811d01c1ed435432a4fb4550306ef3a908e4d5d23e6c76a0ed2e8e9,text/html
site/isscpi.com/index__q_91bbce5f9c82.html,199753,80b20891452a85ba79bbe425ec855c2eeb4354edbea9401f13ddbb69dbd72d9f,text/html
site/isscpi.com/index__q_9379c2e6fb27.html,184942,7001d4f57d899ca6e0d11affcd4773c1ed9c9873128bd46ce4c5c1ecd6909b9b,text/html
site/isscpi.com/index__q_9400fe96caaf.html,209251,5a1b45c8779327102d5b02f88ff8b1fef954758a5b8a2e14dfc37e050f4dfc10,text/html
site/isscpi.com/index__q_9a551e2484ec.html,199956,fc16e903210af8ada849abc89af7bf6e7039aff416fd97c99a4d5e65076fc6b5,text/html
site/isscpi.com/index__q_9b22505db503.html,206445,8ecbd8762164805dc39029db408d9ada1bbc93a17ba8c9b5b6a214dc0c75d30e,text/html
site/isscpi.com/index__q_9e7a7c1b3b11.html,191718,817b35b4b90cf7165c6ee736b4ad2cf4d4de9c5bc8908857821b4497c0467ed9,text/html
site/isscpi.com/index__q_9ef8eed6a9a7.html,199697,9b0f9c038685c936bdc12babba2088ed9588c8ebf5e2189aee6a211f186292c4,text/html
site/isscpi.com/index__q_a1229fc0b724.html,187606,12a2b8fecedbc878fa8d001c5465198ca948aeab9c8798ae1e1430a9d0ce2e34,text/html
site/isscpi.com/index__q_a651a3ba72af.html,200055,765cbd314b33eb309f3c587318243842bf93aff370c5ba99db5b403b9c0625ae,text/html
site/isscpi.com/index__q_a99005f7665f.html,218499,9c6b3441ad00b576076109196aff90c719815acf29a367133e5519af7f9c5009,text/html
site/isscpi.com/index__q_c15c9c6a4f98.html,190399,43f47ea55f1fd22fc950ecaf553d43d873b7df712b04c2b5dd738781636fb459,text/html
site/isscpi.com/index__q_c63b2a6d65cc.html,198777,9157a53f3802b920f52f12074f5329d02a0d73e2ef956d8bac9e9351d86b45fb,text/html
site/isscpi.com/index__q_d4091461016f.html,216271,bf4591758e5ad1d63857026c2799f27647e4b0cb7f73df9a00f32ed71335cc44,text/html
site/isscpi.com/index__q_e343ed114a40.html,193691,a64ca570296c579eee635bf3e0eaff2a5a0964ba7894fe3e0be636fd60ed3dd0,text/html
site/isscpi.com/index__q_e46472cde6f8.html,199943,c85a31866f232319b5d454ec97d62cc9f1fc6f823014f37952b22f7552960c0e,text/html
site/isscpi.com/index__q_f0c4973bcccb.html,225609,d80bfcfa23b5d9b1b33eecaf3d1f962c3f6cc5d7c7eb37ffbe7e34abfd26f3b9,text/html
site/isscpi.com/index__q_f3d945c174f1.html,198899,f525e9e1a9503321f3f36a932f028e52d2defbb7676dc1cda7aacf8020923fcc,text/html
site/isscpi.com/index__q_f9e14cf08b2f.html,199679,995363d2b130b794aceb97e464c4435fe4bddf0dd032a270f48621e26dbb9329,text/html
site/isscpi.com/index__q_fac30e35f3b4.html,195800,eafb85a927592140ee5ae30408131d23e60c771309f59eb45c2055b011e08080,text/html
site/isscpi.com/index__q_fe4b1f852598.html,195845,aea0533f96f99c3cb7010c44edd086573311c4f395a449099103234b39b2bd02,text/html
site/isscpi.com/ipc2026/0.html,216198,806304bb0f03e6baf4186476d72facb4e4fa78b4d133011b3230e0c9c0c6e7cd,text/html
site/isscpi.com/ipc2026/1.html,216194,3a48c0a31ccf99304cb79c13c71efd626f0016dc0fa282020d49a51be420a08a,text/html
site/isscpi.com/ipc2026/1100.html,216194,3a48c0a31ccf99304cb79c13c71efd626f0016dc0fa282020d49a51be420a08a,text/html
site/isscpi.com/ipc2026/733.html,216194,3a48c0a31ccf99304cb79c13c71efd626f0016dc0fa282020d49a51be420a08a,text/html
site/isscpi.com/ipc2026/image/index.html,189557,5e5406c87351231c60c59abde1573e977ef86ca7fa8827eb3b627c35b0ba4c2a,text/html
site/isscpi.com/ipc2026/image-10/0.html,189144,d5dcfe68037bfa4e6968baf71aae55c58e5301d5e93189ff47d5eb8880a95558,text/html
site/isscpi.com/ipc2026/image-10/1.html,189211,3a7292851e9311eeb59bb118e43fd76fd9c74c4adde4d9eb174778185f7bb01f,text/html
site/isscpi.com/ipc2026/image-10/2.html,189134,56b8676ccd46abffbc847996d2f11fff76543e5b113c9b8c807b869c2b122535,text/html
site/isscpi.com/ipc2026/image-10/feed/index.xml,713,39687063e18429764b6ab4eabc339fcbefad33f4a3390faddefbc30ef66b9cd1,application/xml
site/isscpi.com/ipc2026/image-10/index.html,189134,56b8676ccd46abffbc847996d2f11fff76543e5b113c9b8c807b869c2b122535,text/html
site/isscpi.com/ipc2026/image-11/0.html,189142,72c47d6d089bdacdb3e90a8e7a8ebfab1038baa8d1d7f97e070ecb87e6982724,text/html
site/isscpi.com/ipc2026/image-11/1.html,189209,5be3b5327d6fdf2f773d1816c5a964ed7d0c44df3dbdacb15b47aed730dd2c44,text/html
site/isscpi.com/ipc2026/image-11/2.html,189132,7b612c99daae965b289a5c1baf2a10ea8270cad044ba4f82812b7a3815c91838,text/html
site/isscpi.com/ipc2026/image-11/feed/index.xml,713,9b0a816cafc3f6583d2a505a5c71a04ebb9cb1b68b1e6879b95f4d52e60f1379,application/xml
site/isscpi.com/ipc2026/image-11/index.html,189132,7b612c99daae965b289a5c1baf2a10ea8270cad044ba4f82812b7a3815c91838,text/html
site/isscpi.com/ipc2026/image-12/0.html,189144,94c285d1ad42be39dd7bbfa0d1b7ceb043e026d62bfd2e859505305b43bb2b15,text/html
site/isscpi.com/ipc2026/image-12/1.html,189211,750598f325293b8971a48471bc2005be540229c7d127213a5a3ba3b9d250edd1,text/html
site/isscpi.com/ipc2026/image-12/2.html,189134,04c3988333de8a5a02d25d65eb70e59893ec67086abb5debb94cd74fec887c64,text/html
site/isscpi.com/ipc2026/image-12/feed/index.xml,713,734f4bb7a59b8f1bade1936bd40b854b2e5609e5b513932bbf309898b9847243,application/xml
site/isscpi.com/ipc2026/image-12/index.html,189134,04c3988333de8a5a02d25d65eb70e59893ec67086abb5debb94cd74fec887c64,text/html
site/isscpi.com/ipc2026/image-2/index.html,189373,44bd7df6df75ef643fe33c7e533ab7bf43db0d5eb27cc405f59bcbad591db9c7,text/html
site/isscpi.com/ipc2026/image-3/index.html,189307,ddc056cc673ec8cb7d5c93fb7e4d5a464ca023af707fd958babf87917eda461e,text/html
site/isscpi.com/ipc2026/image-4/feed/index.xml,712,23513fc1d6a3b47804e3ea671ea36bceff2093824725fd4f735504e05a841c00,application/xml
site/isscpi.com/ipc2026/image-4/index.html,189307,d902bb5b589c43164abba36d1231dd84e9f18ae467012562619365558291342e,text/html
site/isscpi.com/ipc2026/image-5/0.html,189610,6ad1e94ea12bab5d54cc729d79c8911cbfb86bf4688976adf63ba224ce25ff39,text/html
site/isscpi.com/ipc2026/image-5/1.html,189600,400376b66c5aef7d0d6e5c9f9544ccca448e5685836301f9fd4a0dd89cbdc41e,text/html
site/isscpi.com/ipc2026/image-5/2.html,189599,fea762d38fbaad21b5535581aa2580b514b90bdcbe41646931d4bb491ee729ee,text/html
site/isscpi.com/ipc2026/image-5/feed/index.xml,712,aca8c23777ad576bd85bf2844c8a388d617d4998f2792c0bf96379e3ab3647bc,application/xml
site/isscpi.com/ipc2026/image-5/index.html,189599,fea762d38fbaad21b5535581aa2580b514b90bdcbe41646931d4bb491ee729ee,text/html
site/isscpi.com/ipc2026/image-6/0.html,189131,1ed86f80024a86fb1119ec8962b2b579042af95cbc6650ccde05ef769c5eff5e,text/html
site/isscpi.com/ipc2026/image-6/1.html,189121,642b5e39196fbb506204f75ab4f4bd3d143d07ffef1509728c52da53e9bca70f,text/html
site/isscpi.com/ipc2026/image-6/2.html,189120,42cb0fb1f17121d4d6b926e0d85d63bb1311a3e499429e1b792cfb5114837c6d,text/html
site/isscpi.com/ipc2026/image-6/feed/index.xml,712,628cf76edd106ccebf45eea5c284aa4369ff14a5f2dd209a4af5106416ab92dc,application/xml
site/isscpi.com/ipc2026/image-6/index.html,189120,42cb0fb1f17121d4d6b926e0d85d63bb1311a3e499429e1b792cfb5114837c6d,text/html
site/isscpi.com/ipc2026/image-7/1.html,189120,80ea2112f1cd79e99d42dfa5d795efe6325d3e8b53307ed22dfe278bf0581ac5,text/html
site/isscpi.com/ipc2026/image-7/feed/index.xml,712,6e7d7fbca68d553fc781d98a94a46bf17a2fb2ab8e0f046b6f8d80868abd5313,application/xml
site/isscpi.com/ipc2026/image-7/index.html,189120,80ea2112f1cd79e99d42dfa5d795efe6325d3e8b53307ed22dfe278bf0581ac5,text/html
site/isscpi.com/ipc2026/image-8/0.html,189132,556304116986fa7d3df2e08914140946a4736d03bb36fe3bc8ad4d2e6339ee00,text/html
site/isscpi.com/ipc2026/image-8/1.html,189199,5680e2ac74e3d8f20545d1a84974f5f2055066921d99b9733f75ffac6a3cec20,text/html
site/isscpi.com/ipc2026/image-8/2.html,189120,a9138a742b26cc3f1a8817cd3a47563cf32d6d7a1c3baf8c1681a1258bdf35cd,text/html
site/isscpi.com/ipc2026/image-8/index.html,189120,a9138a742b26cc3f1a8817cd3a47563cf32d6d7a1c3baf8c1681a1258bdf35cd,text/html
site/isscpi.com/ipc2026/image-9/0.html,189134,8de8bda063496a880751b4ee4d9ca877dbef06e335f1a0218139af7dd92f8807,text/html
site/isscpi.com/ipc2026/image-9/1.html,189201,33873e6066b8bfe1d0c87646d8afb4359abe96e8afbb13ee71bfd5325e829986,text/html
site/isscpi.com/ipc2026/image-9/2.html,189124,8e227b4478702db940cabb4d16c64a514b023f8efb42759fa9b26b9746d4e332,text/html
site/isscpi.com/ipc2026/image-9/feed/index.xml,712,2553c4a93ed33838890ef2bccdefe0f5505524cc409ae5332c4e4220461bdef7,application/xml
site/isscpi.com/ipc2026/image-9/index.html,189124,8e227b4478702db940cabb4d16c64a514b023f8efb42759fa9b26b9746d4e332,text/html
site/isscpi.com/ipc2026/index.html,216271,bf4591758e5ad1d63857026c2799f27647e4b0cb7f73df9a00f32ed71335cc44,text/html
site/isscpi.com/journals/civil-engineering-design/index.html,189635,2bd362923cc8ceaf6ac17b05f21e191ca7b8803a1142e7c2be521086f61a685c,text/html
site/isscpi.com/journals/index.html,209251,5a1b45c8779327102d5b02f88ff8b1fef954758a5b8a2e14dfc37e050f4dfc10,text/html
site/isscpi.com/journals/jbde_cover/index.html,189278,b0a141f1ceb63d80d1a73524694039dab6cd76fb97029cc5b209943670b4d973,text/html
site/isscpi.com/journals/jbde_cover_new/index.html,189382,563ca05d7a5429035233ae9fa4e8da2ccf21a4be58661dc48240bbd025a4469e,text/html
site/isscpi.com/journals/journal08/index.html,189326,88e9b75bbfd7e5bba35598f65d2f0e96d12df6dacdf844f10d2c7c48ed593145,text/html
site/isscpi.com/logo_title_w/index.html,188913,8634dc727e7f8d7c60396c7e8cc595b65945ec454d7f880c9a8aa3ac95d93e5e,text/html
site/isscpi.com/logo_title_w_o2/index.html,189071,2860d34d7db504c95469095678d3a959729968edd2ce4226d30dac8d4dc04868,text/html
site/isscpi.com/membership/index.html,187606,12a2b8fecedbc878fa8d001c5465198ca948aeab9c8798ae1e1430a9d0ce2e34,text/html
site/isscpi.com/news-sitemap.xml,545,392279e4f9359c4ef4046d22094ae4c30590b8808d1f37d769a7a31612e0e2b2,application/xml
site/isscpi.com/news-sitemap.xsl,3045,ab18c9fc57ea039319f5bc0103e1d0e99594dba73850867b65265adf2606a7a5,application/xml
site/isscpi.com/nomination-letter-template-2025_1/index.html,188512,5f46bf0684f8489db11559ef1808a1135087bed10a68a89f83dd02358b8f3b30,text/html
site/isscpi.com/page/2/index.html,194065,3ad1280f0c33b6e9bd6a8c18336554c348d23d447b57d68f395e9fbe5846b71a,text/html
site/isscpi.com/payment/index.html,199943,c85a31866f232319b5d454ec97d62cc9f1fc6f823014f37952b22f7552960c0e,text/html
site/isscpi.com/product/garment-dyed-super-soft-slub-cotton-hoodie-in-ash/index.html,199686,aec99a83e13e09abab953fef4b593c3f39abf756e5a010d6f857434f39ad495c,text/html
site/isscpi.com/product/garment-dyed-super-soft-slub-cotton-hoodie-in-ash-2/index.html,199956,fc16e903210af8ada849abc89af7bf6e7039aff416fd97c99a4d5e65076fc6b5,text/html
site/isscpi.com/product/long-sleeve-vintage-cotton-t-shirt-in-pink/index.html,200042,1b41f4ebd7521a769dc09be6dedc510cbf721840561d2ebfa142472dee2db85d,text/html
site/isscpi.com/product/long-sleeve-vintage-cotton-t-shirt-in-pink-2/index.html,200055,765cbd314b33eb309f3c587318243842bf93aff370c5ba99db5b403b9c0625ae,text/html
site/isscpi.com/product/popover-heavyweight-hooded-sweatshirt-in-red/index.html,200022,ead9c9fd109fd40e99c10648802feccce63e8f8b95218c26392329164e71a72d,text/html
site/isscpi.com/product/popover-heavyweight-hooded-sweatshirt-in-red-2/index.html,199753,80b20891452a85ba79bbe425ec855c2eeb4354edbea9401f13ddbb69dbd72d9f,text/html
site/isscpi.com/product/vintage-slub-cotton-crewneck-t-shirt/index.html,199697,9b0f9c038685c936bdc12babba2088ed9588c8ebf5e2189aee6a211f186292c4,text/html
site/isscpi.com/product/vintage-slub-cotton-crewneck-t-shirt-2/index.html,199679,995363d2b130b794aceb97e464c4435fe4bddf0dd032a270f48621e26dbb9329,text/html
site/isscpi.com/product-category/uncategorized/index.html,177666,dd7f601174e11e273f7663a957c57c7da06c0f01bf0a77447805a48c0d2387fe,text/html
site/isscpi.com/robots.txt,353,9b86fc9beffaefee39ea28e9a7c8d8c228cdbcda07b0e595f248e4bbc4813f16,text/plain
site/isscpi.com/sitemap-1.xml,5240,e44a8ab25683613bc146c7ff5a56e4f021aef5299f5ea1f9381c765ffcddb0a1,application/xml
site/isscpi.com/sitemap-index.xsl,2920,9d5e554af7f5d255d782234e3ddeaaa308038c73923442b75a54a0712e39dd78,application/xml
site/isscpi.com/sitemap.xml,505,2d714d82bc845bf42d92e1b46e4851085df46fc66ce2b706f2755a3f1965b3c0,application/xml
site/isscpi.com/submit-nominations/index.html,193049,c03d2ad9220b29ff3ae854915b4ba9a855398d310ea53cd6fa4259af38844652,text/html
site/isscpi.com/tag/about/index.html,182264,05b73db1fe19749a24e0b30063755c0c246ed68969f83bab93134536920f4f95,text/html
site/isscpi.com/tag/committee/index.html,184603,ddb85b37e565ecfb6b62eb1b062228a61e950d2b7cb446ce2a31b7f7fe4ebce8,text/html
site/isscpi.com/tag/conference/index.html,182314,20441084b818794dee4ecf7b61c9da10783229c8b4eb89c82541375ceff27c7b,text/html
site/isscpi.com/tag/construction/index.html,182334,e4ac8d0c4b1e7f5e08d63cafa6ce0d6eef216cd9397bde45c2eb2c5614b1e450,text/html
site/isscpi.com/tag/governance/index.html,182314,8798f3c06d2722b958adecffa1a1354293735da73dcc11ee9125ec6b66abaf31,text/html
site/isscpi.com/tag/governance-and-committee/index.html,182454,cc42a45e3380a3188212d59da149eba1aa39d7aa8afb32970509495a59709202,text/html
site/isscpi.com/tag/news/index.html,186084,586d4efe44fc5ab9e840a6007ecd19a45d4980c1b2878c174b139d644a07cd0d,text/html
site/isscpi.com/tag/task-group/index.html,182314,e8a624a70bb590bb238a17cc28f3a70caa208a45ac254e0dd4d8a719ceb7dd25,text/html
site/isscpi.com/task-group-1-geospatial-intelligence-for-smart-buildings-and-infrastructure/index.html,206445,8ecbd8762164805dc39029db408d9ada1bbc93a17ba8c9b5b6a214dc0c75d30e,text/html
site/isscpi.com/task-group-2-smart-site-safety-3s/index.html,204699,344e0b30c6a29618fe9c89de396ae634570227000022eb70b150e2b1dfe27f04,text/html
site/isscpi.com/task-group-3-future-ready-construction-education/index.html,189586,ce233d8aac415c5903fad34c38e7554ee038e91320533dc47ef0bdad25c5d93f,text/html
site/isscpi.com/task-group-4-sustainable-cementitious-materials-and-intelligent-construction/index.html,189435,6a7a3ef9deaf915440237259d0c3c7ff6cd146aa2c8458a9643f5617cecaf94d,text/html
site/isscpi.com/task-group-5-circularity-in-construction-through-smart-technologies/index.html,191943,c86ec11913b1a4a717fc0db36b8881b215e9401b2a0ad27196bd72085136965c,text/html
site/isscpi.com/task-groups/index.html,184942,7001d4f57d899ca6e0d11affcd4773c1ed9c9873128bd46ce4c5c1ecd6909b9b,text/html
site/isscpi.com/task-groups/task-group-1-geospatial-intelligence-for-smart-buildings-and-infrastructure/index.html,191718,817b35b4b90cf7165c6ee736b4ad2cf4d4de9c5bc8908857821b4497c0467ed9,text/html
site/isscpi.com/task-groups/task-group-2-smart-site-safety-3s/index.html,190375,3d0b22776c417bbcdbc8f5373b9cf0e4743ca938f647af48b652b6b0ab1fcf3c,text/html
site/isscpi.com/task-groups/task-group-3-future-ready-construction-education/index.html,189586,ce233d8aac415c5903fad34c38e7554ee038e91320533dc47ef0bdad25c5d93f,text/html
site/isscpi.com/task-groups/task-group-4-sustainable-cementitious-materials-and-intelligent-construction/index.html,189435,6a7a3ef9deaf915440237259d0c3c7ff6cd146aa2c8458a9643f5617cecaf94d,text/html
site/isscpi.com/woocommerce-placeholder/index.html,189870,aafc2d40cd9fc35cd4af14d234231085e6ac286d87eb036aa4eb7664a2218a1a,text/html
site/isscpi.com/wp-content/plugins/akismet/_inc/akismet-frontend__q_05bd022bf39c.js,12155,cdf8797be629a3354b55809738bdc9f7d31b713a921b1a006e56be51ffe57a33,text/javascript
site/isscpi.com/wp-content/plugins/contact-form-7/includes/js/index__q_171b296cff07.js,13452,ddcce687729cb358abf9d0d8e1217a097859be2b0d18c23d7c851b38c87bc9c0,text/javascript
site/isscpi.com/wp-content/plugins/contact-form-7/includes/swv/js/index__q_d48171bb7351.js,12512,29fdd17a7002a2e1bbd9b33adafc53457c64006b5aca8f6e4dbf907de35433ca,text/javascript
site/isscpi.com/wp-content/plugins/gutenberg/build/scripts/dom-ready/index.min__q_45652423b433.js,821,a06281ae5cf5500e931779c5698ffbcafc66381d2535cef5641e1882df32bf69,text/javascript
site/isscpi.com/wp-content/plugins/gutenberg/build/scripts/hooks/index.min__q_9be1bbc0a147.js,5053,7496969728ca0f95732d31deb462cadb44c5f39c181b3f1f193ec23cfd58f4f6,text/javascript
site/isscpi.com/wp-content/plugins/gutenberg/build/scripts/i18n/index.min__q_245ba3c17529.js,5739,125448662852c5e18937c4dbbaeceb65d60bafba05bc0b62e5d5042ba9b3fa81,text/javascript
site/isscpi.com/wp-content/plugins/gutenberg/build/styles/block-library/classic.min.css,991,ef32ed2bf826d2aff637dfa8e4006ea4243e69f0560528f15a12d90eceab731e,text/css
site/isscpi.com/wp-content/plugins/gutenberg/build/styles/block-library/columns/style.min.css,1584,a86fcda3eac552f9b75e4fdf66424076b51dc4822ae9a7c124cbb515f7c30d96,text/css
site/isscpi.com/wp-content/plugins/gutenberg/build/styles/block-library/common.min.css,3605,f978bd365bd9d0d4996deb9b014f1390eff6d92aca427d150e83f916e5b7d9a9,text/css
site/isscpi.com/wp-content/plugins/gutenberg/build/styles/block-library/group/style.min.css,117,628253f7b803c3e507e1189320a8c925ac718d5237c1f2c346a183ae02bbd6bb,text/css
site/isscpi.com/wp-content/plugins/gutenberg/build/styles/block-library/heading/style.min.css,1165,187c2a0a016f532b73a680d2ec1095537ee7c6a545833c6c244571fdf3c9f7c9,text/css
site/isscpi.com/wp-content/plugins/gutenberg/build/styles/block-library/image/style.min.css,8784,2417f96c8d21991a91de4cffd2c10836c5ff65e2ab367c2243cd02a258cb469b,text/css
site/isscpi.com/wp-content/plugins/gutenberg/build/styles/block-library/list/style.min.css,95,942b2302016e4ef821e6ce7f339addb7a7b021f151c2132d1d6de54c849b3a34,text/css
site/isscpi.com/wp-content/plugins/gutenberg/build/styles/block-library/page-list/style.min.css,404,6f1226725cfa6ddc35ef66475019751df23f156f1672e59b2a39eee4a7c300d8,text/css
site/isscpi.com/wp-content/plugins/gutenberg/build/styles/block-library/paragraph/style.min.css,655,622f970d122913e7a6707d8be35940b9417f061eb64b21c3bf1b01b76bfccd62,text/css
site/isscpi.com/wp-content/plugins/gutenberg/build/styles/block-library/spacer/style.min.css,28,7532ff54d8da7a22bb84edffcf2d67be89b6265dcc56db136ab295244f3e1f8b,text/css
site/isscpi.com/wp-content/plugins/jetpack/_inc/blocks/subscriptions/view__q_4cb716540a7a.css,8509,2e03235399ece17d42992a8a0a5f53a0ae0d84fabb4e94587ac936735caef435,text/css
site/isscpi.com/wp-content/plugins/jetpack/_inc/blocks/subscriptions/view__q_b5b8da43ab20.js,5327,34de5c79716e1d26274eb61786b9e68e721eaaf3b6bee471fb09e2ad6be6734c,text/javascript
site/isscpi.com/wp-content/plugins/jetpack/_inc/blocks/swiper.js,158827,fe02e5d721a217b42af450a46190dfd9dd5dc18d527b82fa563421b4223a8390,text/javascript
site/isscpi.com/wp-content/plugins/jetpack/_inc/build/likes/style.min.css,3620,28b4d3d1d3451d14c7e590e8aa46f33e2108a03efcd16cfd1d427b2aa827bb1a,text/css
site/isscpi.com/wp-content/plugins/jetpack/jetpack_vendor/automattic/woocommerce-analytics/build/woocommerce-analytics-client__q_46c06943fe08.js,10097,4623cf80c0392b1fb517d9e738a64ddf0336f7e43d9db76fbb741c27fef5c681,text/javascript
site/isscpi.com/wp-content/plugins/woocommerce/assets/client/blocks/wc-blocks__q_527a80cb867a.css,14006,45173f1550e57be245f3ed3b0f6fde7962e27901d5a04adf9342e546500bed49,text/css
site/isscpi.com/wp-content/plugins/woocommerce/assets/css/woocommerce-layout__q_66a24c23cedf.css,19755,f08ac78e030bcc5a564b31c82abdf7f94fc7157132a4c3d1cb3e8d1648f13537,text/css
site/isscpi.com/wp-content/plugins/woocommerce/assets/css/woocommerce-smallscreen__q_66a24c23cedf.css,8630,f9600d57ec220ac283234eeaa0ed2ed4bf1aeeb5bf38ecf0188efd7c43e79996,text/css
site/isscpi.com/wp-content/plugins/woocommerce/assets/css/woocommerce__q_66a24c23cedf.css,87373,c08b9f2cf045ea5f6448fbf78e583a9d0b45320d4b5a746d46417090c7bff19f,text/css
site/isscpi.com/wp-content/plugins/woocommerce/assets/js/accounting/accounting.min__q_a96745551766.js,3313,2d6b989ae5ddc43c73034aaffbc3181069557ab604799f4a6ab3bb113ceaa687,text/javascript
site/isscpi.com/wp-content/plugins/woocommerce/assets/js/frontend/add-to-cart-variation.min__q_c8837047acb8.js,14751,2529c01dd3156da9eee8c46de18a22ff3f50eb0479c6d6c35bc689b55a3f101b,text/javascript
site/isscpi.com/wp-content/plugins/woocommerce/assets/js/frontend/add-to-cart.min__q_c8837047acb8.js,4350,fca8dd4ee9c93f33dc3149e2c78aec8a28c54036faaf19c7b0ac9ca32293c070,text/javascript
site/isscpi.com/wp-content/plugins/woocommerce/assets/js/frontend/woocommerce.min__q_c8837047acb8.js,4270,17daa5f5929c3deab38ffaacd89b213810e35e7d3ee115fc890b6bfdc230a9ad,text/javascript
site/isscpi.com/wp-content/plugins/woocommerce/assets/js/jquery-blockui/jquery.blockUI.min__q_5eeada7bffc6.js,9636,d151f8c0b2659cfb63704d68654ad8d9437ae9da4410536f63ddec21689a0620,text/javascript
site/isscpi.com/wp-content/plugins/woocommerce/assets/js/js-cookie/js.cookie.min__q_31879dd593ce.js,1720,8b083f64f2e9e8ac445c730dfce7013cc6449ce155fd1c2f42b60edba4ecb4b1,text/javascript
site/isscpi.com/wp-content/plugins/woocommerce-product-addons/assets/js/frontend/addons.min__q_d04e2ea1d957.js,18849,f9367b6a6a94b142fcba0cf026b49c68e0079ae8c8830223ff211e294d51f494,text/javascript
site/isscpi.com/wp-content/plugins/woocommerce-product-addons/assets/js/lib/pao-validation.min__q_7be7be936cc7.js,7915,9837a1e2f59e14c077d1d4910fef727957c2b6f505153c276bdf07841cb6efa7,text/javascript
site/isscpi.com/wp-content/plugins/woocommerce-product-recommendations/assets/js/frontend/wc-prl-main.min__q_b515f9114295.js,6532,ed3e89401b8364b63ddd8017658a9864d62dcac7eaa5d074e3f09c416f367b52,text/javascript
site/isscpi.com/wp-content/themes/textbook/assets/css/blocks__q_7f0b810c4f08.css,8512,0a459b4120b955ae71ce5cd1ccdbabc4296daf79bdf9885f63310707e70a0d61,text/css
site/isscpi.com/wp-content/themes/textbook/style__q_5036bedd76f2.css,123674,be5dedb1fbd89585a9aee661afd4fbdd72aa8c276c9e05640ab2cb3c8cba10d3,text/css
site/isscpi.com/wp-content/uploads/2024/06/003-100x100__q_e9fd62f987b2.jpg,4658,171f431f563dd1522f125148975d3dff679bb99542fdb2969815a6febd05c3b2,image/jpeg
site/isscpi.com/wp-content/uploads/2024/06/003-1024x1024.jpg,229549,b308837eea4a5fa6e5e236aa849de7ac8239500ac3170479ffa37255b1105b9e,image/jpeg
site/isscpi.com/wp-content/uploads/2024/06/003-1148x600__q_e9fd62f987b2.jpg,165323,002894ef6ceb04d1e44dc16aece8df56e144e7e2d2da2bfc0f7cf594db944c80,image/jpeg
site/isscpi.com/wp-content/uploads/2024/06/003-1200x1200__q_e9fd62f987b2.jpg,296975,d5fc64e4b662752c0672f857cda161f0fc0b6e418f29c7d634269add44e3828b,image/jpeg
site/isscpi.com/wp-content/uploads/2024/06/003-1200x900__q_e9fd62f987b2.jpg,237553,ef537a57354b34f97318db2e274d1b0ea2ede0a0a5ef9750a1beb98a4ddc541d,image/jpeg
site/isscpi.com/wp-content/uploads/2024/06/003-1320x1320.jpg,349078,aaa0f635b5d0a3520afd83090a8f52f695a45a7d114a9d0dd85dfb8e943857ea,image/jpeg
site/isscpi.com/wp-content/uploads/2024/06/003-150x150__q_e9fd62f987b2.jpg,8708,e3e0203fd71f50e84df3b6182b41da655264ef68b43e6cd0d3750630d04dad6a,image/jpeg
site/isscpi.com/wp-content/uploads/2024/06/003-150x200__q_e9fd62f987b2.jpg,10842,477f82e347681a365a66c860cd1ca5f68c859ccdd3869626a77b95d8591f441e,image/jpeg
site/isscpi.com/wp-content/uploads/2024/06/003-200x150__q_e9fd62f987b2.jpg,11349,e7f29aa75ac516c822daef7cf1d805c30f1e67bf0a2f728463fc6d04dee5dd1c,image/jpeg
site/isscpi.com/wp-content/uploads/2024/06/003-200x200__q_e9fd62f987b2.jpg,13784,dbfa90148a66b97e5ce8b87670d35257018702880512f7f89f792ccd7709d2ca,image/jpeg
site/isscpi.com/wp-content/uploads/2024/06/003-300x300__q_e9fd62f987b2.jpg,28666,f6fb4a7e770558fcaf9a2aef97dfd217c657accfaebf504aa5a7107ce18552e6,image/jpeg
site/isscpi.com/wp-content/uploads/2024/06/003-300x400__q_e9fd62f987b2.jpg,36092,930453d886c47eaf29c3230f8c963f1b2b62bbc0a527c8c5876642265f5110e8,image/jpeg
site/isscpi.com/wp-content/uploads/2024/06/003-400x300__q_e9fd62f987b2.jpg,37835,32fbd33b0a5694621d99f49559a9663d1f03e4e9b0ba610c882e239722ee1051,image/jpeg
site/isscpi.com/wp-content/uploads/2024/06/003-400x400__q_e9fd62f987b2.jpg,46644,0011ea34e579c0ea6b7b5d5406b1be10628a860c2ed97f054a8a15a1e231cfa4,image/jpeg
site/isscpi.com/wp-content/uploads/2024/06/003-450x600__q_e9fd62f987b2.jpg,73405,d2e0d4918329ccf59cf829c45bd301c3572baac33a2a2250b083278571268f51,image/jpeg
site/isscpi.com/wp-content/uploads/2024/06/003-600x450__q_e9fd62f987b2.jpg,76918,30ef44adac842c147a843f0a4ca5937512cfa3a9baaecb89051207893624b987,image/jpeg
site/isscpi.com/wp-content/uploads/2024/06/003-600x600__q_e9fd62f987b2.jpg,95625,47c9014b0ab06504d53d8294cb759c1baa129c5fdc95d5658ef8f40413c0c0b5,image/jpeg
site/isscpi.com/wp-content/uploads/2024/06/003-600x800__q_e9fd62f987b2.jpg,116934,32d97efad2c882a76cb550331e8efd54c8c69042c0907e110570955e57719ee2,image/jpeg
site/isscpi.com/wp-content/uploads/2024/06/003-768x768.jpg,142529,e0c764eaab4e0d70ca8a60b56ea1ebf0fb7155708e734f78d29aa4d6ec90e7f5,image/jpeg
site/isscpi.com/wp-content/uploads/2024/06/003-800x600__q_e9fd62f987b2.jpg,122378,0f1872f910b8116ce10c684c3ed73bde735da3f485e97b3fcbf3bb8427bc06bc,image/jpeg
site/isscpi.com/wp-content/uploads/2024/06/003-800x800__q_e9fd62f987b2.jpg,153165,6386f5cd14c2d6a6fbd70cb821501ad9ae94cba8452c5a4c8be24da63646e472,image/jpeg
site/isscpi.com/wp-content/uploads/2024/06/003-900x1200__q_e9fd62f987b2.jpg,227058,279697c9ec947ea727a30b6492b689a93c6ac371fc96a9defc503bda8428cfd4,image/jpeg
site/isscpi.com/wp-content/uploads/2024/06/003.jpg,471763,d677f571490a00217d1359eb0ca5060a773058f3c2456b509c2530bbc9cf48ba,image/jpeg
site/isscpi.com/wp-content/uploads/2024/06/building-100x100__q_e9fd62f987b2.jpg,4982,0d8c59134b5d843539454d773417d62c8e6e17d8fd9d051d1120bdcd985df466,image/jpeg
site/isscpi.com/wp-content/uploads/2024/06/building-1024x683.jpg,211815,9deb53ddecfa0631eb3901e8e37029a8d6215b703cd61b6707eb895c40b9fd8e,image/jpeg
site/isscpi.com/wp-content/uploads/2024/06/building-1148x600__q_e9fd62f987b2.jpg,210415,8a511b09196a5343677e9575787004d87d32e138cf0c06762f54177f3a36da60,image/jpeg
site/isscpi.com/wp-content/uploads/2024/06/building-1200x1200__q_e9fd62f987b2.jpg,373793,d22957dbefbf3cc94518b5253a35f80d6be105a23e2b9df6464d637d2e0f7a2f,image/jpeg
site/isscpi.com/wp-content/uploads/2024/06/building-1200x800.jpg,277214,d491a03b53db3433ade56bf0598f6338bdbd7fdbb509c407429853324dc282e1,image/jpeg
site/isscpi.com/wp-content/uploads/2024/06/building-1200x900__q_e9fd62f987b2.jpg,303696,479157ecb420f4cbe95d2eca34fcaec7777269c91d5163f952e4f20188a32a37,image/jpeg
site/isscpi.com/wp-content/uploads/2024/06/building-1320x880.jpg,327583,feb8fe0e79692a5f3d63c753d449d3897b9ec2d4dae03d29a81956a877fa35fa,image/jpeg
site/isscpi.com/wp-content/uploads/2024/06/building-150x150__q_e9fd62f987b2.jpg,9527,a0039e17bf8998522b03706f499dd9236665788c3baccffcebd634bd8478b35b,image/jpeg
site/isscpi.com/wp-content/uploads/2024/06/building-150x200__q_e9fd62f987b2.jpg,11491,76293526f058c581614e7380718a40d3234a37dec99e1ac11d46e1c0b0e85956,image/jpeg
site/isscpi.com/wp-content/uploads/2024/06/building-1536x1024.jpg,425051,4f7a11a339d8c6f8dbe1d0c403cf6d37640169804a1d8d7f11b535afdfd30db1,image/jpeg
site/isscpi.com/wp-content/uploads/2024/06/building-200x150__q_e9fd62f987b2.jpg,12548,be70ae969ec3dab5c226178226eb6d927ab07a410d0f4b51f7da603d6077d372,image/jpeg
site/isscpi.com/wp-content/uploads/2024/06/building-200x200__q_e9fd62f987b2.jpg,15417,4d8b06d4be7e95d1c393896d3f2c64de690681cc2ffd8f9d3f31faa5ca2cfeb5,image/jpeg
site/isscpi.com/wp-content/uploads/2024/06/building-2048x1365.jpg,695716,265100d567513c91b4c5b6c6065b7b9a57c805b81b2238116f1dc69113291c5e,image/jpeg
site/isscpi.com/wp-content/uploads/2024/06/building-300x200.jpg,23340,88fe65ccdf04f6202f1e98befa53d7346f69b5a1aed4719963101ea834073476,image/jpeg
site/isscpi.com/wp-content/uploads/2024/06/building-300x300__q_e9fd62f987b2.jpg,32196,7843aafcd8b8ef2578bc99e1594e0aba9ec336339793a470f853d79f977fa63e,image/jpeg
site/isscpi.com/wp-content/uploads/2024/06/building-300x400__q_e9fd62f987b2.jpg,39335,8ae9c27c4c115351a4a38d6ea40036e80fb5cb9c52213e835e48372fc42ed4d4,image/jpeg
site/isscpi.com/wp-content/uploads/2024/06/building-400x300__q_e9fd62f987b2.jpg,43026,31d31b15352c5a450a2a6ca920f1e5d89a2fc8d0b72958cc8eeeb4a99e128735,image/jpeg
site/isscpi.com/wp-content/uploads/2024/06/building-400x400__q_e9fd62f987b2.jpg,53367,22546e88d9f8f6cd5094508057bdb88612f9b444e56f7719cf9b8e955faecdbb,image/jpeg
site/isscpi.com/wp-content/uploads/2024/06/building-450x600__q_e9fd62f987b2.jpg,81057,539acf0624ed7d0cf87963d8c660f0e6af6d5b59c2b2027e5621c7e0ca1cf3ec,image/jpeg
site/isscpi.com/wp-content/uploads/2024/06/building-600x400.jpg,81032,e3502714c8a9f40dcf6b8e23fcee76ad277c448dee247e9d1404abe3669913f6,image/jpeg
site/isscpi.com/wp-content/uploads/2024/06/building-600x450__q_e9fd62f987b2.jpg,89643,35ceb64a7edeef2dc6238d977308d2873a48c49bee8dd7865ada42843d4ef4dc,image/jpeg
site/isscpi.com/wp-content/uploads/2024/06/building-600x600__q_e9fd62f987b2.jpg,111056,58f73b63231af4fcec2b3b810ba9f111556ee332f3189d9ee710e65ae5f89b17,image/jpeg
site/isscpi.com/wp-content/uploads/2024/06/building-600x800__q_e9fd62f987b2.jpg,134521,cbc85d53523574bff535e8192c8580be0bd81d7b7c55ba2923e4f2aae04fd8ee,image/jpeg
site/isscpi.com/wp-content/uploads/2024/06/building-768x512.jpg,126825,26b47259447a282a581d6f1903f55e3bea15562d8799f20e8ea48433cb686e8c,image/jpeg
site/isscpi.com/wp-content/uploads/2024/06/building-800x600__q_e9fd62f987b2.jpg,149018,ced443690fab5fb005a4416b4bdd092ea52923d685f0d66c87f2535f3b741d93,image/jpeg
site/isscpi.com/wp-content/uploads/2024/06/building-800x800__q_e9fd62f987b2.jpg,183396,f9195e8572cb3db675a8dcaa974b992f65b32d292f394d4c3aa625c94d47787c,image/jpeg
site/isscpi.com/wp-content/uploads/2024/06/building-900x1200__q_e9fd62f987b2.jpg,274030,825c285f14f5a259d5c386cb927315c3c5b3137dd8b14b8c358679c1e7afb525,image/jpeg
site/isscpi.com/wp-content/uploads/2024/06/building.jpg,4359886,d097ba56a33cdae44c5b5d05f34c84c1768c38ab374199ea9d7003704282c09b,image/jpeg
site/isscpi.com/wp-content/uploads/2024/06/cropped-Curtin-logo-900x900-1.png,2337,9ffd26fa2fdb4fa8a41188b3abba27416cd81ae6d5d240a6fc9d6621ae1cb67f,image/png
site/isscpi.com/wp-content/uploads/2024/06/cropped-cropped-Curtin-logo-900x900-1-100x100__q_e9fd62f987b2.png,1623,3b0cbec679f9bd145d8f75bbe678c3d2ad03f2958a23c4f49265774b0819a864,image/png
site/isscpi.com/wp-content/uploads/2024/06/cropped-cropped-Curtin-logo-900x900-1-150x150__q_e9fd62f987b2.png,2664,b0439d9dfd220c2db3bffdd282cb4e33e4ad7c6640a7ea7912bf30cc93b9bdae,image/png
site/isscpi.com/wp-content/uploads/2024/06/cropped-cropped-Curtin-logo-900x900-1-150x200__q_e9fd62f987b2.png,3599,b452f997601cba24f93934f111805d4e429a2512804f352617acddb19c02350a,image/png
site/isscpi.com/wp-content/uploads/2024/06/cropped-cropped-Curtin-logo-900x900-1-180x180.png,3041,bd91aa9e05de1bc1da2170c9068eff8abef69b5ce59182c1072949eb1209bef7,image/png
site/isscpi.com/wp-content/uploads/2024/06/cropped-cropped-Curtin-logo-900x900-1-192x192.png,3320,2fc36997b34ab4706540d452d74b0cd5c9f15a7c45b287f0a8593c41c5e4a41e,image/png
site/isscpi.com/wp-content/uploads/2024/06/cropped-cropped-Curtin-logo-900x900-1-200x150__q_e9fd62f987b2.png,3612,b09311dbd60721bb84c719f82fa7b797b2d3838d191bbcf224809b0bca1ac85f,image/png
site/isscpi.com/wp-content/uploads/2024/06/cropped-cropped-Curtin-logo-900x900-1-200x200__q_e9fd62f987b2.png,3610,15fca484e2d5187b15b2d6d8306784d75405fa51e402509141c0ffdc792cb865,image/png
site/isscpi.com/wp-content/uploads/2024/06/cropped-cropped-Curtin-logo-900x900-1-270x270.png,4621,774e99905bb8eb20a08c942d688fbf2c1cf1d96b7264e5229d4d3da0ce16db7a,image/png
site/isscpi.com/wp-content/uploads/2024/06/cropped-cropped-Curtin-logo-900x900-1-300x300__q_e9fd62f987b2.png,5649,9c708da11eb2c81ed290890ab049d08b7311d44cee8959a4261b9ed96d177e84,image/png
site/isscpi.com/wp-content/uploads/2024/06/cropped-cropped-Curtin-logo-900x900-1-300x400__q_e9fd62f987b2.png,6898,9d768771bb459512eb576b67ea6b1e7a5b135d738bab1ca08abde4922d22980e,image/png
site/isscpi.com/wp-content/uploads/2024/06/cropped-cropped-Curtin-logo-900x900-1-32x32.png,705,e2bffb1b86f1fa5c8eb64a4f3f66407283e6c8d0797f9e1fd5bd432519ddb5da,image/png
site/isscpi.com/wp-content/uploads/2024/06/cropped-cropped-Curtin-logo-900x900-1-400x300__q_e9fd62f987b2.png,6923,4678720431fb3861009506eccbde18be5b36fc3886d802f9d8e4cd676d3659d3,image/png
site/isscpi.com/wp-content/uploads/2024/06/cropped-cropped-Curtin-logo-900x900-1-400x400__q_e9fd62f987b2.png,6865,5e37cb5de1fd6316ae61567692bac9b5cb584b03a4f164ed531578bd7bc0b234,image/png
site/isscpi.com/wp-content/uploads/2024/06/cropped-cropped-Curtin-logo-900x900-1-450x512.png,7372,03bbea541a3dc0bad77c062627ba9adeb5895ee7e9a92ea6c50956700ed3a435,image/png
site/isscpi.com/wp-content/uploads/2024/06/cropped-cropped-Curtin-logo-900x900-1-512x450.png,7372,03bbea541a3dc0bad77c062627ba9adeb5895ee7e9a92ea6c50956700ed3a435,image/png
site/isscpi.com/wp-content/uploads/2024/06/cropped-cropped-Curtin-logo-900x900-1.png,9950,070630a36f716ac1cfa924be1695d63b41f2e93d080bdf0960f98e20722c5fac,image/png
site/isscpi.com/wp-content/uploads/2024/06/cropped-cropped-imge03-100x100__q_e9fd62f987b2.jpg,4180,45c0fe6f549eb41f5072d21e9dadfbde286f973d0ee0d9ada40033b2769da076,image/jpeg
site/isscpi.com/wp-content/uploads/2024/06/cropped-cropped-imge03-1024x496.jpg,125155,7b373310d637ff7dc88f07a4ea9f0a5555aa0f41f2828d6e81142fae098ae5c7,image/jpeg
site/isscpi.com/wp-content/uploads/2024/06/cropped-cropped-imge03-1148x600__q_e9fd62f987b2.jpg,163799,1f958ad511c61110be790c90a0cd4e4ee04762732586d8028472fd01d877d034,image/jpeg
site/isscpi.com/wp-content/uploads/2024/06/cropped-cropped-imge03-1200x582.jpg,163410,1b4ec8b48c460ae2fc5a3d77153a6b8b3ad230afeb92044d6d815dc6bd71feaa,image/jpeg
site/isscpi.com/wp-content/uploads/2024/06/cropped-cropped-imge03-1200x900__q_e9fd62f987b2.jpg,243960,7a4939258ab30f365138c13a57cdbde2ca5dfc0b063da7d1f2bdd064e89c8404,image/jpeg
site/isscpi.com/wp-content/uploads/2024/06/cropped-cropped-imge03-1200x960.jpg,163410,1b4ec8b48c460ae2fc5a3d77153a6b8b3ad230afeb92044d6d815dc6bd71feaa,image/jpeg
site/isscpi.com/wp-content/uploads/2024/06/cropped-cropped-imge03-1320x640.jpg,192135,b2aa8dab23a151396e3d81f01b5fa447aa97a56f626ddddbabd793447a0e318a,image/jpeg
site/isscpi.com/wp-content/uploads/2024/06/cropped-cropped-imge03-150x150__q_e9fd62f987b2.jpg,8291,40d2ad0ea2af65989aa4e5cf864b36da52809eb26ab91ceb65ffcf4ec45c9629,image/jpeg
site/isscpi.com/wp-content/uploads/2024/06/cropped-cropped-imge03-150x200__q_e9fd62f987b2.jpg,11241,b830396dfde0cfccc7762d3f27b0bdc7779dae3b4a2483e2c883a66feea1d4fb,image/jpeg
site/isscpi.com/wp-content/uploads/2024/06/cropped-cropped-imge03-1536x745.jpg,242623,7f7e706f20691ec29b1d9468c994bcf80ac8be9b883c683e262edd790530a90b,image/jpeg
site/isscpi.com/wp-content/uploads/2024/06/cropped-cropped-imge03-200x150__q_e9fd62f987b2.jpg,10466,b1ee0c5a8534dec6e2850277e540ada98d4c706832795156b1e2d9f43ba164af,image/jpeg
site/isscpi.com/wp-content/uploads/2024/06/cropped-cropped-imge03-200x200__q_e9fd62f987b2.jpg,13989,7004d9724379773cbe3a039a7ee7e1d136137bfb824cf33c8e55f0626122f2b2,image/jpeg
site/isscpi.com/wp-content/uploads/2024/06/cropped-cropped-imge03-300x145.jpg,13828,ba64058fd217239952ac4d9ff106e5f9a6d6964ee4802467608f298c7e442e4f,image/jpeg
site/isscpi.com/wp-content/uploads/2024/06/cropped-cropped-imge03-300x300__q_e9fd62f987b2.jpg,30539,5358daa01ae001f6b3c015d3cd70f9810efec2a596671388c79616331dbd3531,image/jpeg
site/isscpi.com/wp-content/uploads/2024/06/cropped-cropped-imge03-300x400__q_e9fd62f987b2.jpg,40855,245f0a759a5f149de1ef000b62b6575f30d2bbe029f506cee05aedba327b9565,image/jpeg
site/isscpi.com/wp-content/uploads/2024/06/cropped-cropped-imge03-400x300__q_e9fd62f987b2.jpg,38243,304e6835290ecf74102be99a5b690fcde3e3099774cbd5cccde7a9aaf536c80a,image/jpeg
site/isscpi.com/wp-content/uploads/2024/06/cropped-cropped-imge03-400x400__q_e9fd62f987b2.jpg,51039,62b8511b8ffa4b1b0f013b5161a6779311e870e6860c5ef1ddb76ccc7d6de936,image/jpeg
site/isscpi.com/wp-content/uploads/2024/06/cropped-cropped-imge03-450x600__q_e9fd62f987b2.jpg,82242,71bfe56ee7bad9e8d13db8a31e3112bc28775d2a5e21787c40d67a772b79d2ad,image/jpeg
site/isscpi.com/wp-content/uploads/2024/06/cropped-cropped-imge03-600x291.jpg,49242,bbde8fed4e32c4074390814cecdc7c6457a220c0a513c5f85b99b040e3f05af8,image/jpeg
site/isscpi.com/wp-content/uploads/2024/06/cropped-cropped-imge03-600x450__q_e9fd62f987b2.jpg,79980,6a2b293391ff88c905db037977546f8a4d2c1fcd51f9538daaf4e88a2f9f3f3b,image/jpeg
site/isscpi.com/wp-content/uploads/2024/06/cropped-cropped-imge03-600x600__q_e9fd62f987b2.jpg,102704,69e0fe438a71b7fe038feac34e9a780a2b12a4d43670e07b8aae62c318c7506a,image/jpeg
site/isscpi.com/wp-content/uploads/2024/06/cropped-cropped-imge03-600x800__q_e9fd62f987b2.jpg,129459,6b1d5ca0f91be430930cb822bb4830dc38074387f58e09e57c733e432d3dec0a,image/jpeg
site/isscpi.com/wp-content/uploads/2024/06/cropped-cropped-imge03-768x372.jpg,76660,1d2bc4d65d7deca6517f28ab73913b5d6742c6d3515aba31400b6200d1c6a62e,image/jpeg
site/isscpi.com/wp-content/uploads/2024/06/cropped-cropped-imge03-800x600__q_e9fd62f987b2.jpg,129059,e641cc7451be0b0f4fa1fc4f6fb83e2fdf5c4672a1726a34b7e2b15398464cd0,image/jpeg
site/isscpi.com/wp-content/uploads/2024/06/cropped-cropped-imge03-800x800__q_e9fd62f987b2.jpg,162430,76c7058731cfa5570941a64732ef92caa53c960bf9d8f2b57c53d2e053502cc6,image/jpeg
site/isscpi.com/wp-content/uploads/2024/06/cropped-cropped-imge03-900x960.jpg,101286,3be3c359de52484c294a50609dd2af27f09a9b2296767bf597250786b1413507,image/jpeg
site/isscpi.com/wp-content/uploads/2024/06/cropped-cropped-imge03.jpg,409750,c9287c862a8ebc1767ab897c281e6dd42bddcc034c875a6faafe372c9326492c,image/jpeg
site/isscpi.com/wp-content/uploads/2024/06/cropped-imge03-100x100__q_e9fd62f987b2.jpg,4224,cfef1068466cc3dd642031f8ab92601a3c4e044037d3fd4a798ba46adb1179d0,image/jpeg
site/isscpi.com/wp-content/uploads/2024/06/cropped-imge03-1024x423.jpg,106564,1077b6aaf9b4b85074c02823800ab26fb59f2fc81070ab23f3a83fc3cbda5b73,image/jpeg
site/isscpi.com/wp-content/uploads/2024/06/cropped-imge03-1148x600__q_e9fd62f987b2.jpg,159571,b3cb1e9b770ce185c92f1fc9db57888eaa17922c33af0a53b92ca44bc6e5f344,image/jpeg
site/isscpi.com/wp-content/uploads/2024/06/cropped-imge03-1200x496.jpg,140216,9e01c36dc361ccff43684c30d3e2a6ee2321123a23b6f0036326c37a87f77e2a,image/jpeg
site/isscpi.com/wp-content/uploads/2024/06/cropped-imge03-1200x818.jpg,140216,9e01c36dc361ccff43684c30d3e2a6ee2321123a23b6f0036326c37a87f77e2a,image/jpeg
site/isscpi.com/wp-content/uploads/2024/06/cropped-imge03-1320x545.jpg,166515,079c0effaf47022f3280dc46f82b6c1af74b42fa1908782774ee3f959b84b662,image/jpeg
site/isscpi.com/wp-content/uploads/2024/06/cropped-imge03-150x150__q_e9fd62f987b2.jpg,8314,ec72c7c9f1735814a2a3eff18a39765fe714a284a2a0ef03970a37248f2892d6,image/jpeg
site/isscpi.com/wp-content/uploads/2024/06/cropped-imge03-150x200__q_e9fd62f987b2.jpg,11466,0b656f6db2d059e6a136295ad3131763f3786fd4bd24a1150f912a0fe8d16d47,image/jpeg
site/isscpi.com/wp-content/uploads/2024/06/cropped-imge03-1536x635.jpg,214352,900ca788f350f1d5e2e624e997ba71afdd53ee2f313ca210dee1e9586f8edaa5,image/jpeg
site/isscpi.com/wp-content/uploads/2024/06/cropped-imge03-200x150__q_e9fd62f987b2.jpg,9699,7cba1efd94cc2dc61209a33fc89374c38f59eef708c588dc77c6676ce11b343e,image/jpeg
site/isscpi.com/wp-content/uploads/2024/06/cropped-imge03-200x200__q_e9fd62f987b2.jpg,14181,ef7ffb2cf50a3341b3fb13f88f8880c20d98b2131bcf029f9a1776da0ca8b61a,image/jpeg
site/isscpi.com/wp-content/uploads/2024/06/cropped-imge03-300x124.jpg,11333,81c6a73aeaa25625087e8da0d7e29255788ca99db4704be1cc8ab1bcc0dd495d,image/jpeg
site/isscpi.com/wp-content/uploads/2024/06/cropped-imge03-300x300__q_e9fd62f987b2.jpg,30873,2112e004516bad502fb630a56d73e3feca33de31c090566918bbb3e3a816b89f,image/jpeg
site/isscpi.com/wp-content/uploads/2024/06/cropped-imge03-300x400__q_e9fd62f987b2.jpg,43021,13960747278ed87572e96063378a030c0e7a891808c103566e1c3165767cd10d,image/jpeg
site/isscpi.com/wp-content/uploads/2024/06/cropped-imge03-400x300__q_e9fd62f987b2.jpg,35754,f263d73800eb4cb64fae9474f19d2c4dc5cf093630eabe01157a46ab7e8d97c2,image/jpeg
site/isscpi.com/wp-content/uploads/2024/06/cropped-imge03-400x400__q_e9fd62f987b2.jpg,52335,e044697b3a77b7e9c17a7c2acedba119afa00a2018a2397de2f83902e74be6bc,image/jpeg
site/isscpi.com/wp-content/uploads/2024/06/cropped-imge03-450x600__q_e9fd62f987b2.jpg,89312,b98a70d7fdc2e8b27e28c7c5393331cf5f97382850ab07db56ed38816426361f,image/jpeg
site/isscpi.com/wp-content/uploads/2024/06/cropped-imge03-600x248.jpg,39739,2c5ea633244797f8063c28a166b1311aaef4e4fa4a664e1bdcbb5739df842e4c,image/jpeg
site/isscpi.com/wp-content/uploads/2024/06/cropped-imge03-600x450__q_e9fd62f987b2.jpg,75559,a72023ae841553eedcdc8bcd883793521bb030d679bf70c179cad9e6cdde93ce,image/jpeg
site/isscpi.com/wp-content/uploads/2024/06/cropped-imge03-600x600__q_e9fd62f987b2.jpg,108262,6ad1dd817f69456335740f20f0ee17f06e9706ce7c4cf68686ef44a98adf0d5d,image/jpeg
site/isscpi.com/wp-content/uploads/2024/06/cropped-imge03-600x800__q_e9fd62f987b2.jpg,142975,4f7808c063007a87020c3c01f94ae313d12c897987fa148e13924cb1a19d363b,image/jpeg
site/isscpi.com/wp-content/uploads/2024/06/cropped-imge03-768x317.jpg,63342,5279fba0d7a7e25e3cae6e729e5983ad0b9fb366928479c8754a7ed2947f82e7,image/jpeg
site/isscpi.com/wp-content/uploads/2024/06/cropped-imge03-800x600__q_e9fd62f987b2.jpg,123869,53ffc9a665a67d2ff5d8070602d2a9116f474323443b2035cae85915fd0c18ba,image/jpeg
site/isscpi.com/wp-content/uploads/2024/06/cropped-imge03-800x800__q_e9fd62f987b2.jpg,173094,1ec9cd8b760492fb25f512dbede6f1de1d183ac5b88e1b300d1ae4b906d6ca34,image/jpeg
site/isscpi.com/wp-content/uploads/2024/06/cropped-imge03-900x818.jpg,85200,7b52a6776fb3a8e87d192e3a3e053602f2a59171c3c54af99845f125193d4eca,image/jpeg
site/isscpi.com/wp-content/uploads/2024/06/cropped-imge03.jpg,377124,36120e499fbc54780fd18597156e37f9b3f9a3652e746d28245840690dc5574f,image/jpeg
site/isscpi.com/wp-content/uploads/2024/06/imge03-100x100__q_e9fd62f987b2.jpg,4981,f8344f8b7680330d90939bc44eff65f36c1a216302985b1a9d93aaa8bfc51549,image/jpeg
site/isscpi.com/wp-content/uploads/2024/06/imge03-1024x683.jpg,200123,9437443074e12304ebcd8595ba780137a1e2e29cb7ecfbbf78f3a0632db9315c,image/jpeg
site/isscpi.com/wp-content/uploads/2024/06/imge03-1148x600__q_e9fd62f987b2.jpg,199896,291ee975845773c59bad5fcf8326b8808e79bfc38a4cfd2007667470571dbe4d,image/jpeg
site/isscpi.com/wp-content/uploads/2024/06/imge03-1200x1200__q_e9fd62f987b2.jpg,442551,9cf61dd747a4f83a0e8667796fb7d9f0c13cc5da3f2544330e1711114ac7b6b7,image/jpeg
site/isscpi.com/wp-content/uploads/2024/06/imge03-1200x800.jpg,266739,28e626345098c21498ac40f70d507090717f86d148a98fd7cbc5e31c120dcbd6,image/jpeg
site/isscpi.com/wp-content/uploads/2024/06/imge03-1200x900__q_e9fd62f987b2.jpg,326489,3069b9c7ae610e9d838ae8435e3cffba235801e097d3ea62a3afd7cf9da54790,image/jpeg
site/isscpi.com/wp-content/uploads/2024/06/imge03-1320x880.jpg,317793,7741cd5039f0a62aa3946fe3af04a4fe93b489f853a5a755d92f57124002ebed,image/jpeg
site/isscpi.com/wp-content/uploads/2024/06/imge03-150x150__q_e9fd62f987b2.jpg,9881,664e3e76b17e9e7dc0f00c6ac36dc02710caf822ec41bfcdf85bf57e6b8ddb2f,image/jpeg
site/isscpi.com/wp-content/uploads/2024/06/imge03-150x200__q_e9fd62f987b2.jpg,12381,db70566d2eb4b9cf4d1273bfee6fce7d47169e0d93fbd4d50b4573730fbfb73a,image/jpeg
site/isscpi.com/wp-content/uploads/2024/06/imge03-1536x1024.jpg,418771,a7546c80fd687dec1857f4265aa5dba939c626e0ea3985ee0521c3bbf00e83ce,image/jpeg
site/isscpi.com/wp-content/uploads/2024/06/imge03-200x150__q_e9fd62f987b2.jpg,12209,0c6be5667adbe0a3c485377850573b0561821244e2d37c40429b2dcc31b233ca,image/jpeg
site/isscpi.com/wp-content/uploads/2024/06/imge03-200x200__q_e9fd62f987b2.jpg,16012,04fa737d02c57cc5339428d08dd7b3607438d96b82fc7b6960d04e8d3f80d6cc,image/jpeg
site/isscpi.com/wp-content/uploads/2024/06/imge03-2048x1365.jpg,698427,c69a5caeb44c25d8ed948b63cb2c0508e2b4e1329244fa12415a9f2aaef34b48,image/jpeg
site/isscpi.com/wp-content/uploads/2024/06/imge03-300x200.jpg,20676,4633c421562e3d6339c34ee6d13e4a0ea9196c478a10d20a4a17e24129d17834,image/jpeg
site/isscpi.com/wp-content/uploads/2024/06/imge03-300x300__q_e9fd62f987b2.jpg,34172,f3ffb9895b1f2ebc876d7604c9ef76579459c8ec8d47e1565069c46ba6f46404,image/jpeg
site/isscpi.com/wp-content/uploads/2024/06/imge03-300x400__q_e9fd62f987b2.jpg,43941,c6ba7be6a60e469d0661cac2fc29156b4a29f57792c56f081db28d23d5c2e002,image/jpeg
site/isscpi.com/wp-content/uploads/2024/06/imge03-400x300__q_e9fd62f987b2.jpg,42586,9d435bc4a7d959d1c620b4e05122f387d82c6fa78e37d0ff0bedb80dc00ef035,image/jpeg
site/isscpi.com/wp-content/uploads/2024/06/imge03-400x400__q_e9fd62f987b2.jpg,57833,a7cc1281fd0bb9d9f9ea517b7602535b7605e68bbd9e1dc442be015f21a22bd6,image/jpeg
site/isscpi.com/wp-content/uploads/2024/06/imge03-450x600__q_e9fd62f987b2.jpg,95205,615e94951c98f56ec6abc4a398c5b83ba76bf05cfdf15757f9c0099905228c89,image/jpeg
site/isscpi.com/wp-content/uploads/2024/06/imge03-600x400.jpg,73711,e305e2b2859986543279de62768b9b2ed5cdf6c96c5cf03641de2c6673e7dbfd,image/jpeg
site/isscpi.com/wp-content/uploads/2024/06/imge03-600x450__q_e9fd62f987b2.jpg,90582,faa1f306f8d7cd52c38d912bd08458cae39402dcdb68f75b78204e83fed4925b,image/jpeg
site/isscpi.com/wp-content/uploads/2024/06/imge03-600x600__q_e9fd62f987b2.jpg,124756,f7f8139ed8eb6ec3b5800f4dbf18291a857c3fe63e3b0cd3f599ef9bdc2956a5,image/jpeg
site/isscpi.com/wp-content/uploads/2024/06/imge03-600x800__q_e9fd62f987b2.jpg,161496,dd7888283a18abb0644c53128d5146badb6fa8920eac1b3c7496552fc050ba51,image/jpeg
site/isscpi.com/wp-content/uploads/2024/06/imge03-768x512.jpg,116940,460fda7afb5bc235981a0cd8e9165bdcddbd62f81f4ce4dde1279e3983d97338,image/jpeg
site/isscpi.com/wp-content/uploads/2024/06/imge03-800x600__q_e9fd62f987b2.jpg,154444,c0a956b26d5550203de23829c50ca80e22abe0f1590c604401d6f566427b624c,image/jpeg
site/isscpi.com/wp-content/uploads/2024/06/imge03-800x800__q_e9fd62f987b2.jpg,211848,5726d907792c8854573fd61fe641c829c7ac27ca931f10bc6c388d0399b834e1,image/jpeg
site/isscpi.com/wp-content/uploads/2024/06/imge03-900x1200__q_e9fd62f987b2.jpg,338621,eeca3370395693d22fc7750cee872579f8bd73ff30796d0ee2eb64a3171471f9,image/jpeg
site/isscpi.com/wp-content/uploads/2024/06/imge03.jpg,3903658,b158cf4c4243feb68abcb21b9592a6d31eac9d6786a43ebeea91e9a34497f2b3,image/jpeg
site/isscpi.com/wp-content/uploads/2024/07/001-100x100__q_e9fd62f987b2.png,6874,1e9c9953a75d9be00d6d76f26156a707dec277ab397862ae71a3ed65ffb7b08f,image/png
site/isscpi.com/wp-content/uploads/2024/07/001-150x150__q_e9fd62f987b2.png,12490,d38b15d54e3f4aee1ac665b8c7ff0ec4d3d698dae6ec65f1654852d863f68fbd,image/png
site/isscpi.com/wp-content/uploads/2024/07/001-150x200__q_e9fd62f987b2.png,15391,7016780752d72164b62b0e5aa74e85dc315a733f3d11e33d6113613c9ec5a974,image/png
site/isscpi.com/wp-content/uploads/2024/07/001-200x150__q_e9fd62f987b2.png,14847,a27288de82d8265a7c87bddfa372c73b839d16507f1f454ca8dba1872dce5931,image/png
site/isscpi.com/wp-content/uploads/2024/07/001-200x200__q_e9fd62f987b2.png,19196,975f416c03efd3bedd6214551d44fff45e393ab6eb9366d0b729c14b4a01ae69,image/png
site/isscpi.com/wp-content/uploads/2024/07/001-225x300.png,29305,247dd6579d774b0079a1fd2afaae03bf5d9090b9f609d795a82140c0e74616d5,image/png
site/isscpi.com/wp-content/uploads/2024/07/001-240x300.png,29305,247dd6579d774b0079a1fd2afaae03bf5d9090b9f609d795a82140c0e74616d5,image/png
site/isscpi.com/wp-content/uploads/2024/07/001.png,79752,641395c4d006b65606509498091746c14f8e408909d2e155ec0077ca127bc831,image/png
site/isscpi.com/wp-content/uploads/2024/07/002-100x100__q_e9fd62f987b2.jpg,2502,7ffda2ac92d1891ef750472fded58c29fb28a9c077077730d3299f10b87acd39,image/jpeg
site/isscpi.com/wp-content/uploads/2024/07/002-150x150__q_e9fd62f987b2.jpg,3995,ed724003cb651f730a225fbea43364aa3bffa2199c1239b185dbb314c0429546,image/jpeg
site/isscpi.com/wp-content/uploads/2024/07/002-150x200__q_e9fd62f987b2.jpg,4994,762cefdff8e1a5786cf878bbb893f37ad8ac5ac9ef6dd1ca1a5deaf4d79d03b1,image/jpeg
site/isscpi.com/wp-content/uploads/2024/07/002-200x150__q_e9fd62f987b2.jpg,4485,3eb26c3d163ae6355523730a3f4b331ebde5b78326b870cd538c18a3a5a91fe0,image/jpeg
site/isscpi.com/wp-content/uploads/2024/07/002-200x200__q_e9fd62f987b2.jpg,5743,8ca08defaf6d261f7d41f95f3ea126e15a116530ea47a5dacfa410af6abacbdd,image/jpeg
site/isscpi.com/wp-content/uploads/2024/07/002-225x300.jpg,8654,6440ba25790ac85cd531f638afc2a564222ebff4b69adc024bdf05353377cc30,image/jpeg
site/isscpi.com/wp-content/uploads/2024/07/002-240x300.jpg,8654,6440ba25790ac85cd531f638afc2a564222ebff4b69adc024bdf05353377cc30,image/jpeg
site/isscpi.com/wp-content/uploads/2024/07/002.jpg,10006,8d751b4bc76a5ff8ad2fe426bf93d6de0bdae96043bdc007a906e735d5191257,image/jpeg
site/isscpi.com/wp-content/uploads/2024/07/003-100x100__q_e9fd62f987b2.jpg,2287,24d8da04d36ba2ee27cc370116137e9dc80b53e6a68dcfe954a1f08bc8f8002a,image/jpeg
site/isscpi.com/wp-content/uploads/2024/07/003-150x150__q_e9fd62f987b2.jpg,3648,9fb97ae96d9c7790767b3e22d00d9d01f1896ad2141ceb50e0465e586d41ed99,image/jpeg
site/isscpi.com/wp-content/uploads/2024/07/003-150x200__q_e9fd62f987b2.jpg,4167,42b5e273d87c1d49c212df611decd0892a0a5daa9b222663f8c4a17a3b313ad3,image/jpeg
site/isscpi.com/wp-content/uploads/2024/07/003-200x150__q_e9fd62f987b2.jpg,4454,034a8b924d6961cacb528ed80b04c962daeb90cfbafd013ea6571775bf17e34e,image/jpeg
site/isscpi.com/wp-content/uploads/2024/07/003-200x200__q_e9fd62f987b2.jpg,5166,368d2c7ddefb2a1708b02ab1f43b818d0976fe05ae756ee0c275f5c935283512,image/jpeg
site/isscpi.com/wp-content/uploads/2024/07/003-225x300.jpg,7122,185ec644715d3aef82ed220ab3ddc43dae527fdbc0e4b6074aa95123f0b4c610,image/jpeg
site/isscpi.com/wp-content/uploads/2024/07/003-240x300.jpg,7122,185ec644715d3aef82ed220ab3ddc43dae527fdbc0e4b6074aa95123f0b4c610,image/jpeg
site/isscpi.com/wp-content/uploads/2024/07/003.jpg,9707,4d9e51764b79f3528edc6334d74d0449501e6dfbef4c3d941b500a212b2a340a,image/jpeg
site/isscpi.com/wp-content/uploads/2024/07/004-100x100__q_e9fd62f987b2.jpg,4948,ad9e69eee3bfa840f6d2298fcbc025b6b70347a37607db4f9e6ce803aff2bb5a,image/jpeg
site/isscpi.com/wp-content/uploads/2024/07/004-1024x1024.jpg,253481,250a593f2e82b6de6737b903e34e66ce547234dcd203529e61b533755ad8cfa7,image/jpeg
site/isscpi.com/wp-content/uploads/2024/07/004-1148x600__q_e9fd62f987b2.jpg,197694,9ccdafcc675b13aba423fabacce7619a179fc90028f40c0750cf52a14697dd45,image/jpeg
site/isscpi.com/wp-content/uploads/2024/07/004-1200x1200__q_e9fd62f987b2.jpg,352073,8e07518b41f1614f9bf9c4e7a1521bfec5d3f501c8778d5a8f2f8fbec41de4b4,image/jpeg
site/isscpi.com/wp-content/uploads/2024/07/004-1200x900__q_e9fd62f987b2.jpg,274036,6a0a5eb6f8dbff789e161d0295a0faf06356a4ef9c69c610fc6ec550e1d4ded1,image/jpeg
site/isscpi.com/wp-content/uploads/2024/07/004-1320x1320.jpg,383376,4ad8d482b7b28bb03933632318e19cfd997ba9aa339f84bb4d21dc62d47bc354,image/jpeg
site/isscpi.com/wp-content/uploads/2024/07/004-150x150__q_e9fd62f987b2.jpg,9392,5187d6edb5c2c72eeb50f4265dd93183df15d3e03d3139ec427a7e3d27da0f74,image/jpeg
site/isscpi.com/wp-content/uploads/2024/07/004-150x200__q_e9fd62f987b2.jpg,12175,9438f6cd5a72120ec0ac3eac04c6b546853611321a9500937559569a8323c816,image/jpeg
site/isscpi.com/wp-content/uploads/2024/07/004-200x150__q_e9fd62f987b2.jpg,12708,86276d8ac769fa2f350043862727e06fbe54d6c06bc0bca2e96b5f1802bb2da6,image/jpeg
site/isscpi.com/wp-content/uploads/2024/07/004-200x200__q_e9fd62f987b2.jpg,15277,17266a8541a6e158d86781091531d87ca1ef97202ca14d1d19a9a1f409db06e1,image/jpeg
site/isscpi.com/wp-content/uploads/2024/07/004-300x300__q_e9fd62f987b2.jpg,32135,aff346ec9bb57e2940a46e4f15c3ecbe9aef96b86b607428ed0b5110ae3276b1,image/jpeg
site/isscpi.com/wp-content/uploads/2024/07/004-300x400__q_e9fd62f987b2.jpg,41182,19465c386d2351147d07b8382e2bd4d2efa7e7650a02979a580e1e77969aafd2,image/jpeg
site/isscpi.com/wp-content/uploads/2024/07/004-400x300__q_e9fd62f987b2.jpg,43867,995b3aef0bdfd8546e841e249a65a4aa80e84dcd77ee9f7fb9f3ad37079d4bf4,image/jpeg
site/isscpi.com/wp-content/uploads/2024/07/004-400x400__q_e9fd62f987b2.jpg,52653,6b147fbafae248e8f4d4d5d4e8a0606e6af4100104cc46a56dffc4373c59238e,image/jpeg
site/isscpi.com/wp-content/uploads/2024/07/004-450x600__q_e9fd62f987b2.jpg,83201,934c9c1398188df08b33f73d08c80aa3b0a61832484125bd543b0695ad28ab5a,image/jpeg
site/isscpi.com/wp-content/uploads/2024/07/004-600x450__q_e9fd62f987b2.jpg,88765,6ad05d137bb43edd515662544cb550835f2c5e66972945b7a9e7f54379690700,image/jpeg
site/isscpi.com/wp-content/uploads/2024/07/004-600x600__q_e9fd62f987b2.jpg,106605,7c277155c05eadaa7bf532fffe6b113e9f4968632ecd56d2e45ac49098a8b737,image/jpeg
site/isscpi.com/wp-content/uploads/2024/07/004-600x800__q_e9fd62f987b2.jpg,132191,7670c7e6ce1642b340fb0fabe57a11e289b346bcda30b034d140b428ab569b0f,image/jpeg
site/isscpi.com/wp-content/uploads/2024/07/004-768x768.jpg,158669,adf95cef64f14dce83a64b0c93e3de05061fd85bb32ff8b3d09e1ea4794f273f,image/jpeg
site/isscpi.com/wp-content/uploads/2024/07/004-800x600__q_e9fd62f987b2.jpg,141667,918f127d594017b873cd996d9f1ef076d863c7284eec6f0be2a5e1bb1d49f846,image/jpeg
site/isscpi.com/wp-content/uploads/2024/07/004-800x800__q_e9fd62f987b2.jpg,170596,b975f159e02c89722c1d1dfd3cc974770bc69656421cb2669a51151691acf5fd,image/jpeg
site/isscpi.com/wp-content/uploads/2024/07/004-900x1200__q_e9fd62f987b2.jpg,255299,ae4957b51e11f1699c58c25944994aa0448b5991a2d3d56d0e37cea67bd0c74e,image/jpeg
site/isscpi.com/wp-content/uploads/2024/07/004.jpg,530055,530681e637416819b432485cb57cfca007ab755f448b78ab7f9bf8f5b812a585,image/jpeg
site/isscpi.com/wp-content/uploads/2024/07/ABDEL-HAMID-100x100__q_e9fd62f987b2.jpg,2664,d023b56bfbffa3a8bec0417dc13f3f31a8a6c096701f71ff4a6c65038c4833c9,image/jpeg
site/isscpi.com/wp-content/uploads/2024/07/ABDEL-HAMID-150x150__q_e9fd62f987b2.jpg,4257,71ceb754be1afcfd40e8c7fe05d06ae688c7c6cca353704dd7217e08f78d42d9,image/jpeg
site/isscpi.com/wp-content/uploads/2024/07/ABDEL-HAMID-150x200__q_e9fd62f987b2.jpg,5189,e4beae948ca59d4874d2362368e4fa0e56e9ec7cf8de0c895c022d9b4a1831e6,image/jpeg
site/isscpi.com/wp-content/uploads/2024/07/ABDEL-HAMID-200x150__q_e9fd62f987b2.jpg,4844,e99c0d1a7fc9b0e8d35432ebfaa2014c9dc4cf0722292ee4df57aaf9c8c5bedf,image/jpeg
site/isscpi.com/wp-content/uploads/2024/07/ABDEL-HAMID-200x200__q_e9fd62f987b2.jpg,5972,cfe9b891a76207a7a56ad64733e4c3370033769c80fcf371dbf64f5a66982d73,image/jpeg
site/isscpi.com/wp-content/uploads/2024/07/ABDEL-HAMID-226x300.jpg,8967,0463f95d2f52d4b645c9dbf9916a00d3c308f7bcf8203d9b06f125d588fb8081,image/jpeg
site/isscpi.com/wp-content/uploads/2024/07/ABDEL-HAMID-240x300.jpg,8967,0463f95d2f52d4b645c9dbf9916a00d3c308f7bcf8203d9b06f125d588fb8081,image/jpeg
site/isscpi.com/wp-content/uploads/2024/07/ABDEL-HAMID.jpg,10008,0c25e55a483d7ee92237d281ec70d4bd87fdecadabe179d1b5b4e3a6062fcdf3,image/jpeg
site/isscpi.com/wp-content/uploads/2024/07/Artboard-1-100x100__q_e9fd62f987b2.png,906,10fe6e321a17510c32a725184efc87a0e809aa29947d72d8e2c2b251434b4ebc,image/png
site/isscpi.com/wp-content/uploads/2024/07/Artboard-1-150x100.png,2325,0b9fea3c6ababeb8b071c9f77ea10e1ee654c480ef5ee22b909623a5cdb6ed6e,image/png
site/isscpi.com/wp-content/uploads/2024/07/Artboard-1-200x100.png,3159,c7f3bf409eb57e288be44000cb63c9e81e0b828a5a418c00a4bdcf7b3cd153ed,image/png
site/isscpi.com/wp-content/uploads/2024/07/Artboard-1-300x100.png,4634,bbe684e91e8b9b970692e8607f8d11eb3c8d74e11ff4fc538ca86f7ffbabbd7f,image/png
site/isscpi.com/wp-content/uploads/2024/07/Artboard-1-300x47.png,4634,bbe684e91e8b9b970692e8607f8d11eb3c8d74e11ff4fc538ca86f7ffbabbd7f,image/png
site/isscpi.com/wp-content/uploads/2024/07/Artboard-1-400x100.png,6241,151a7f74f2ef72f79d9cd240100d7611de73948ac2c0933c7d98d7268f54471c,image/png
site/isscpi.com/wp-content/uploads/2024/07/Artboard-1-450x100.png,6924,9234bbf1be856346d7795d7e090d17245b17c45a74ef8cc81c3c5abeab417f8e,image/png
site/isscpi.com/wp-content/uploads/2024/07/Artboard-1-600x100.png,9807,7bd5d45b7f500c1c8a2e3b26b6997e8ecc81f4564239021f13c400bbca9e1000,image/png
site/isscpi.com/wp-content/uploads/2024/07/Artboard-1-600x95.png,9807,7bd5d45b7f500c1c8a2e3b26b6997e8ecc81f4564239021f13c400bbca9e1000,image/png
site/isscpi.com/wp-content/uploads/2024/07/Artboard-1.png,8430,b338dd7622cb8176c890ce03c8f8528284a800af5deabdee535a6483fe5663c1,image/png
site/isscpi.com/wp-content/uploads/2024/07/Artboard-1@2x-100x100__q_e9fd62f987b2.png,2363,b6a304905a35b2fe65a04e646b3d6440940a12ba7d03f59e1fb18a12626262c6,image/png
site/isscpi.com/wp-content/uploads/2024/07/Artboard-1@2x-1024x163.png,14607,86beecf227d307d52a47971f30f1e9a4a54c38cfa92a295539db10602ceb76b4,image/png
site/isscpi.com/wp-content/uploads/2024/07/Artboard-1@2x-1148x216.png,16366,f78ec35bcb4d69ed8469eddbd1513c47f129d7662ff560f0a1bafb821c1ea29d,image/png
site/isscpi.com/wp-content/uploads/2024/07/Artboard-1@2x-1200x190.png,16779,29bd0647af08fcb726a7e2d88a82e66a1bbc0bd177ae5b032454846dd6db928b,image/png
site/isscpi.com/wp-content/uploads/2024/07/Artboard-1@2x-1200x216.png,16779,29bd0647af08fcb726a7e2d88a82e66a1bbc0bd177ae5b032454846dd6db928b,image/png
site/isscpi.com/wp-content/uploads/2024/07/Artboard-1@2x-1320x209.png,19204,7e5e9654782f595c390697928bd41b47fec63cbabd3a3d5e7b9d29f1bfe71851,image/png
site/isscpi.com/wp-content/uploads/2024/07/Artboard-1@2x-150x150__q_e9fd62f987b2.png,3316,bedebe4f9cec2a63617e305a632f2b2602a5b0b4e090797ddf1a633f04678b06,image/png
site/isscpi.com/wp-content/uploads/2024/07/Artboard-1@2x-150x200__q_e9fd62f987b2.png,3287,4ca8902b838b7f04255aaeedc8d061f47017405d540eec37f02e2661aca73f4f,image/png
site/isscpi.com/wp-content/uploads/2024/07/Artboard-1@2x-200x150__q_e9fd62f987b2.png,4237,cd9e4bd0da024bc202acb1fd69b097273a34c2af1c6af647fd734a0276eca5f6,image/png
site/isscpi.com/wp-content/uploads/2024/07/Artboard-1@2x-200x200__q_e9fd62f987b2.png,4090,188e9c58dbb3676443779b17cf09f597093b1aa631aaf1d599e1ef7618ab702d,image/png
site/isscpi.com/wp-content/uploads/2024/07/Artboard-1@2x-300x216.png,4301,13c68f92e2074259cefeaa10c5ee3bc409a4b99493441e8ccaf802cc025ef92c,image/png
site/isscpi.com/wp-content/uploads/2024/07/Artboard-1@2x-300x48.png,4301,13c68f92e2074259cefeaa10c5ee3bc409a4b99493441e8ccaf802cc025ef92c,image/png
site/isscpi.com/wp-content/uploads/2024/07/Artboard-1@2x-400x216.png,5556,69b0d15a4064a40c436d998ec6b4628a2c7bc81b9615a18fa280bfb01edf58e5,image/png
site/isscpi.com/wp-content/uploads/2024/07/Artboard-1@2x-450x216.png,6258,2a40db090474023ed44f7f3aa72a26b560fc8b131db3ed640147fbb4222e20bd,image/png
site/isscpi.com/wp-content/uploads/2024/07/Artboard-1@2x-600x216.png,8192,f73d74b2ca45e9abb8cb7762bc415ed639bedcdf29f4e412eed00b7e94cdbe0e,image/png
site/isscpi.com/wp-content/uploads/2024/07/Artboard-1@2x-600x95.png,8192,f73d74b2ca45e9abb8cb7762bc415ed639bedcdf29f4e412eed00b7e94cdbe0e,image/png
site/isscpi.com/wp-content/uploads/2024/07/Artboard-1@2x-768x122.png,10683,119aaedf2281376b913dcbab5f467310a3c8142683f5a52fa4474653471e3f85,image/png
site/isscpi.com/wp-content/uploads/2024/07/Artboard-1@2x-800x216.png,10952,b5512269c637be5be9419a3f644f9f8de2e8cfe694aeb196986e8f91332ec772,image/png
site/isscpi.com/wp-content/uploads/2024/07/Artboard-1@2x-900x216.png,12274,e90a603968bb0d40d16968af74e0eb0598d3d992755608414ced6ec888fa6294,image/png
site/isscpi.com/wp-content/uploads/2024/07/Artboard-1@2x.png,18198,9ab5f950a3d684b5e1c3f585e2eff6c6cf4fa55550b85b6c04b1106e7a2146e8,image/png
site/isscpi.com/wp-content/uploads/2024/07/Civil-Engineering-Design-100x100__q_e9fd62f987b2.png,2344,2ead2c026310d33a70f9a7f46548a95a8ffbb1460529dd322e28f3747c87cbe1,image/png
site/isscpi.com/wp-content/uploads/2024/07/Civil-Engineering-Design-150x150__q_e9fd62f987b2.png,3661,f8f8849bffe6dd2086db563bba8b333b1bd42a391098a388993a0931eb101c3f,image/png
site/isscpi.com/wp-content/uploads/2024/07/Civil-Engineering-Design-150x200__q_e9fd62f987b2.png,4623,79e89dd4d8044880083f189a53e9dd39da0f0b0508e51536d33561017362c6c3,image/png
site/isscpi.com/wp-content/uploads/2024/07/Civil-Engineering-Design-200x150__q_e9fd62f987b2.png,3425,5871c1d9fa9eff5f8b228caa6a5ca2fee874cc1a542e25cdb73eecc7201d63c5,image/png
site/isscpi.com/wp-content/uploads/2024/07/Civil-Engineering-Design-200x200__q_e9fd62f987b2.png,5265,11c98d2c51a1382ca6db2e2709f7274a575e75c4fd28c00fae9611f6bc34d31e,image/png
site/isscpi.com/wp-content/uploads/2024/07/Civil-Engineering-Design-228x300.png,8226,f852f6ffc1c14b18322fbe04cf8cc23c8af02089a61199431fb4d402c5454014,image/png
site/isscpi.com/wp-content/uploads/2024/07/Civil-Engineering-Design-300x300__q_e9fd62f987b2.png,8430,a2fafb0cdad02b385c40e7ec18ed971b0b9a58b76afa0d2015a28c766982f2ff,image/png
site/isscpi.com/wp-content/uploads/2024/07/Civil-Engineering-Design-300x400__q_e9fd62f987b2.png,9957,739c6943e288a5f3541fb60caed90aba1fefc53d9c09d4e2d25e08d87ca1921d,image/png
site/isscpi.com/wp-content/uploads/2024/07/Civil-Engineering-Design-304x300.png,8226,f852f6ffc1c14b18322fbe04cf8cc23c8af02089a61199431fb4d402c5454014,image/png
site/isscpi.com/wp-content/uploads/2024/07/Civil-Engineering-Design.png,24196,7007cc42580c6b72ddc32553c7a8eacb0a2a906577a9e6c2dc7a210c58e8c86e,image/png
site/isscpi.com/wp-content/uploads/2024/07/Committee_Konrad-100x100__q_e9fd62f987b2.jpg,3758,67b375758f36acf92a1aa2cb059cca5bf819a2565651e2ba1e81dee56c63ae82,image/jpeg
site/isscpi.com/wp-content/uploads/2024/07/Committee_Konrad-150x150__q_e9fd62f987b2.jpg,6224,05a00530dc3eaa4b40cfd7d4b16d47515ba94a910fbe7805be33308a168b2586,image/jpeg
site/isscpi.com/wp-content/uploads/2024/07/Committee_Konrad-150x200__q_e9fd62f987b2.jpg,7542,03002864d472513e8de98ba44664214094180cfb136855cdcc2711ae7d310fc0,image/jpeg
site/isscpi.com/wp-content/uploads/2024/07/Committee_Konrad-200x150__q_e9fd62f987b2.jpg,7442,2efbde0135507f07c73a277001fbb02c6d83bbacf5787ea565f96677bf2d4c19,image/jpeg
site/isscpi.com/wp-content/uploads/2024/07/Committee_Konrad-200x200__q_e9fd62f987b2.jpg,9172,877249ca80e7531b6957c2f735d451c96667c9fdeb81dc9c73853666412eedfe,image/jpeg
site/isscpi.com/wp-content/uploads/2024/07/Committee_Konrad.jpg,14466,2d440f421625da760b532a961e8ba9373b1084a96399634af424325d088f6df5,image/jpeg
site/isscpi.com/wp-content/uploads/2024/07/Committee_Vijay-1-100x100__q_e9fd62f987b2.jpg,2797,84be67ccff088101980240d97d63db95f5b71b5ee523a15ea2fd8e766d486996,image/jpeg
site/isscpi.com/wp-content/uploads/2024/07/Committee_Vijay-1-150x150__q_e9fd62f987b2.jpg,4481,263357c9dd715c38af86bab82de79577ffae6ccd65bf7e95174dec6e1ec06523,image/jpeg
site/isscpi.com/wp-content/uploads/2024/07/Committee_Vijay-1-150x200__q_e9fd62f987b2.jpg,5771,673386cb0a22fa1df5239cf5bae8f5761972419d410d77fe9877477cbb3b0662,image/jpeg
site/isscpi.com/wp-content/uploads/2024/07/Committee_Vijay-1-200x150__q_e9fd62f987b2.jpg,5517,e8ae92d812f3e29f2ed5e98b4e5ef1666d09117a0ad06deeb4a7e0b0e1212927,image/jpeg
site/isscpi.com/wp-content/uploads/2024/07/Committee_Vijay-1-200x200__q_e9fd62f987b2.jpg,6488,666776ac46b633c86ad925b46ac2028a44e35b7f79cc2a544833362f4770c7ac,image/jpeg
site/isscpi.com/wp-content/uploads/2024/07/Committee_Vijay-1.jpg,9953,3433fa7e2aa3586d09f33151284a7ea3af2e508ffa9cf8ae667e36ed6f0aeade,image/jpeg
site/isscpi.com/wp-content/uploads/2024/07/IPC2024-Conference-Proceedings.pdf,13419310,3207b6b920be6865140a3afa46b30eef3add3b6fd69d5ca568341e44f4118528,application/pdf
site/isscpi.com/wp-content/uploads/2024/07/IPC2024-Conference-Program.pdf,519259,3c1739a58ed842686616e72751fb4ac42a7308d256eba3787b0b6dda5ab9eac9,application/pdf
site/isscpi.com/wp-content/uploads/2024/07/Journal08-100x100__q_e9fd62f987b2.png,7545,96fa8c53045b9233b6d9b24981ee0c63d9495472212aea0e0c8c9cc09efff117,image/png
site/isscpi.com/wp-content/uploads/2024/07/Journal08-150x150__q_e9fd62f987b2.png,13840,c0f6df548fd90448e4294b99d467e0e8f0cfc7f1ddd7912348e0a52865fdebf2,image/png
site/isscpi.com/wp-content/uploads/2024/07/Journal08-150x200__q_e9fd62f987b2.png,17921,d80e290d2652ebb1aeb6d3695dae1c058a8968485a4f986bdf3e2f54605f71d5,image/png
site/isscpi.com/wp-content/uploads/2024/07/Journal08-200x150__q_e9fd62f987b2.png,17025,dca74d2537cd2ad7c1d0ee5f0dcb1b01f4855244de9e92dbf0bcf7394b724c13,image/png
site/isscpi.com/wp-content/uploads/2024/07/Journal08-200x200__q_e9fd62f987b2.png,22382,fafe04855a3442939b042e71acaaa8d112733471f5818a18c8e72f6b3e0a6643,image/png
site/isscpi.com/wp-content/uploads/2024/07/Journal08-226x300.png,35008,50f6d46747d94f8f0782c46bce00d9c2327079bc155855e79efbbc8f59f157f1,image/png
site/isscpi.com/wp-content/uploads/2024/07/Journal08-300x300__q_e9fd62f987b2.png,44127,1e182ccbdec5d417bc2f0900d45ea114388548ced3a516e4edfb342f43c63caf,image/png
site/isscpi.com/wp-content/uploads/2024/07/Journal08-301x300.png,35008,50f6d46747d94f8f0782c46bce00d9c2327079bc155855e79efbbc8f59f157f1,image/png
site/isscpi.com/wp-content/uploads/2024/07/Journal08.png,144388,5934f17fbb73e1a9bd9f72244a989447e14268266566baa2e4ae16719c1bf03a,image/png
site/isscpi.com/wp-content/uploads/2024/07/Konrad-100x100__q_e9fd62f987b2.png,2343,98c626135a58ea265b7126e40fb50ccb3a8f89f60359b3e1297aa4e88a9b0042,image/png
site/isscpi.com/wp-content/uploads/2024/07/Konrad-1024x346.png,64499,338b268805334645b7559e92b3702e98cb31191eccdf7ebf3db00a51dbb362db,image/png
site/isscpi.com/wp-content/uploads/2024/07/Konrad-1148x433.png,82655,96becbcd69f0a734dd20985fcfc501eccd427173b2ed7e837e97fd74f8ee4e9f,image/png
site/isscpi.com/wp-content/uploads/2024/07/Konrad-1200x406.png,81831,4d202edc0a8a4532dffd8a25b26dd17a4735ac01122042c1a19116bb2b86ed46,image/png
site/isscpi.com/wp-content/uploads/2024/07/Konrad-1200x433.png,81831,4d202edc0a8a4532dffd8a25b26dd17a4735ac01122042c1a19116bb2b86ed46,image/png
site/isscpi.com/wp-content/uploads/2024/07/Konrad-150x150__q_e9fd62f987b2.png,3930,2a15dd1f13ddeafa5269a28d5dce4b29275c38db930334528a29f0af52b3ff28,image/png
site/isscpi.com/wp-content/uploads/2024/07/Konrad-150x200__q_e9fd62f987b2.png,5187,9840241b30a716c6e6f606b4826150bcc7cd47436d879d01019362c5c2e9b54a,image/png
site/isscpi.com/wp-content/uploads/2024/07/Konrad-200x150__q_e9fd62f987b2.png,4570,d4683592b9b2c574fd099d60d71e207b8f792210c07ccca08a7746ff197c0215,image/png
site/isscpi.com/wp-content/uploads/2024/07/Konrad-200x200__q_e9fd62f987b2.png,5917,1e6de42c5a826549d34d74df6e13c6a582afd98fd4e4dbd9d8dea324ab0d339c,image/png
site/isscpi.com/wp-content/uploads/2024/07/Konrad-300x101.png,4988,1641127e893c05f07989fbd18562d347a51bac1fa19b8ee4c0557da7e8ba910b,image/png
site/isscpi.com/wp-content/uploads/2024/07/Konrad-300x300__q_e9fd62f987b2.png,14812,33402e1741f345f642ffff09449eaf5a9f1356ac1be26db7c8934a64b0c5f0e0,image/png
site/isscpi.com/wp-content/uploads/2024/07/Konrad-300x400__q_e9fd62f987b2.png,28348,d8f48d7ae5df68a4066477bd69c7f62189b49cf656bdfa5881a197e8089e3f7f,image/png
site/isscpi.com/wp-content/uploads/2024/07/Konrad-400x300__q_e9fd62f987b2.png,18407,0429d6dc1b0cb78a378c21a6a9923220ec8c03745efffec3fe3d103f68835d49,image/png
site/isscpi.com/wp-content/uploads/2024/07/Konrad-400x400__q_e9fd62f987b2.png,35019,4eeaac0722a66ab088aa799ff790944f3f0c97c8f48e024b6ea02f7cc163c431,image/png
site/isscpi.com/wp-content/uploads/2024/07/Konrad-450x433.png,8936,9b1f265f76ce70d401ad4f9fc60bad61149c2d3f867cabb4dec915431f222b96,image/png
site/isscpi.com/wp-content/uploads/2024/07/Konrad-600x203.png,14411,905c8030042b724c9ec5bedde3fdfd64d5c22aa7b56c294ca757bac3a1418767,image/png
site/isscpi.com/wp-content/uploads/2024/07/Konrad-600x433.png,14411,905c8030042b724c9ec5bedde3fdfd64d5c22aa7b56c294ca757bac3a1418767,image/png
site/isscpi.com/wp-content/uploads/2024/07/Konrad-768x260.png,26361,1a437cc7220f8d9d54a1c8fb521b9a182ebfc57958b3000623abbe6d35d1fbc2,image/png
site/isscpi.com/wp-content/uploads/2024/07/Konrad-800x433.png,29167,7fb70e58ee9a7abdc40d812328e6cb6dec7f2fe9525981062cf7b888207f475a,image/png
site/isscpi.com/wp-content/uploads/2024/07/Konrad-900x433.png,36382,3d9d473d3f56c36138a9034cc82717cc10d187fb61491ebd6ec993c382c9e10f,image/png
site/isscpi.com/wp-content/uploads/2024/07/Konrad.png,360060,6c24a2cc6ea41dac3287cf7012b58af7662ce46c267123d9233766a066a57ac5,image/png
site/isscpi.com/wp-content/uploads/2024/07/LanFCSmith-100x100__q_e9fd62f987b2.jpg,3518,f9bab136ebeebb9d368c2817d36a4ecc638533fe4a908193cb8357c87c2d2723,image/jpeg
site/isscpi.com/wp-content/uploads/2024/07/LanFCSmith-150x150__q_e9fd62f987b2.jpg,5797,01b1296d6ea922fb0c121bd322f786a8393668e52767048779da1d0d53ac02dc,image/jpeg
site/isscpi.com/wp-content/uploads/2024/07/LanFCSmith-150x200__q_e9fd62f987b2.jpg,7289,8bd8d553883bf553af64daa1ee0d2e4792d23939c614512772b5ce6ef289dbd0,image/jpeg
site/isscpi.com/wp-content/uploads/2024/07/LanFCSmith-200x150__q_e9fd62f987b2.jpg,6795,9a579aba7c15d83b81149124075ab549c75757c881a316a3249cda8a05d5ab8d,image/jpeg
site/isscpi.com/wp-content/uploads/2024/07/LanFCSmith-200x200__q_e9fd62f987b2.jpg,8399,77790aa65057e31255008b9f5336a5136257a36801b9bcdfc18e6a8b89c545fd,image/jpeg
site/isscpi.com/wp-content/uploads/2024/07/LanFCSmith-225x300.jpg,12820,bc751714b3b1699ead8506e719bdc6c8dd7cf8a5f847ce938d368b6e7a6da4ab,image/jpeg
site/isscpi.com/wp-content/uploads/2024/07/LanFCSmith-240x300.jpg,12820,bc751714b3b1699ead8506e719bdc6c8dd7cf8a5f847ce938d368b6e7a6da4ab,image/jpeg
site/isscpi.com/wp-content/uploads/2024/07/LanFCSmith.jpg,16078,5a44fead63e20b8840a9421a266fbe41472b20fa45d97cce51132bd636ca84b0,image/jpeg
site/isscpi.com/wp-content/uploads/2024/07/MarkBillinghurst-100x100__q_e9fd62f987b2.jpg,3397,f4d0dcbd7133b75be533d82d520bd78d630a3c16c5207301850b4577f229525f,image/jpeg
site/isscpi.com/wp-content/uploads/2024/07/MarkBillinghurst-150x150__q_e9fd62f987b2.jpg,5570,ce768a25c2033fe12b8b860bcd5d6b336b640a6bdc154b316c9421d0289d6a3a,image/jpeg
site/isscpi.com/wp-content/uploads/2024/07/MarkBillinghurst-150x200__q_e9fd62f987b2.jpg,6803,1102f1d202394c3cb8dc6fe6d6e227275332eab413a91fc3f332f0520d8c2679,image/jpeg
site/isscpi.com/wp-content/uploads/2024/07/MarkBillinghurst-200x150__q_e9fd62f987b2.jpg,6298,98f4c7fc387c8aee3e33cb095571a82c352957e58a23783250ff004441793832,image/jpeg
site/isscpi.com/wp-content/uploads/2024/07/MarkBillinghurst-200x200__q_e9fd62f987b2.jpg,8047,e73d1262927d8f41e6b1d2efb41da8355ca8aaeaf3d7c787db77539a579cf81a,image/jpeg
site/isscpi.com/wp-content/uploads/2024/07/MarkBillinghurst-225x300.jpg,12164,c5791e411ad3d3efeaefbeabde0f5a646c6b59b9475e4680dab2d50892133da7,image/jpeg
site/isscpi.com/wp-content/uploads/2024/07/MarkBillinghurst-240x300.jpg,12164,c5791e411ad3d3efeaefbeabde0f5a646c6b59b9475e4680dab2d50892133da7,image/jpeg
site/isscpi.com/wp-content/uploads/2024/07/MarkBillinghurst.jpg,15223,11bd43eaf72f4b4ca8e6a1c978ed21174d896b4b8ca61c59533c8bdb7c9001c6,image/jpeg
site/isscpi.com/wp-content/uploads/2024/07/Miroslaw-100x100__q_e9fd62f987b2.jpg,2868,79392829e70211667764f72cf6fe4fb9a9be7c81b7273800222d3a30a2830133,image/jpeg
site/isscpi.com/wp-content/uploads/2024/07/Miroslaw-150x150__q_e9fd62f987b2.jpg,4895,22c89af1bb37e7d8253ae7dde5c59fc105739adca9bc9c81638c11e365e6ca52,image/jpeg
site/isscpi.com/wp-content/uploads/2024/07/Miroslaw-150x200__q_e9fd62f987b2.jpg,6084,cb7d0aaca0a1be6e94125a1d4a324f53475b864197cba40151b830d9d72f89a2,image/jpeg
site/isscpi.com/wp-content/uploads/2024/07/Miroslaw-200x150__q_e9fd62f987b2.jpg,5589,ed9e947e3e7663fe9f9c0c4d84362cec893fa1707376d54112e944e5ab9fc870,image/jpeg
site/isscpi.com/wp-content/uploads/2024/07/Miroslaw-200x200__q_e9fd62f987b2.jpg,7181,9354cfae054dce6793f5049a12fe6ac675464332a5e627937c7788b7cf617399,image/jpeg
site/isscpi.com/wp-content/uploads/2024/07/Miroslaw-226x300.jpg,11125,4b597d391e2f58c2cc0a7878f4eec9945fb3892f3500a1e196e184888e11c232,image/jpeg
site/isscpi.com/wp-content/uploads/2024/07/Miroslaw-240x300.jpg,11125,4b597d391e2f58c2cc0a7878f4eec9945fb3892f3500a1e196e184888e11c232,image/jpeg
site/isscpi.com/wp-content/uploads/2024/07/Miroslaw.jpg,12990,1219c8abea8a9d6b29a53fbf65c7f4c6994f41cc0268e3d9aaa289d4d580f14a,image/jpeg
site/isscpi.com/wp-content/uploads/2024/07/VP_JunWang-100x100__q_e9fd62f987b2.jpg,3353,7786cdfd7559e5993fecca3f5fa83b292c28fc5bb9645f57251844a4779cb365,image/jpeg
site/isscpi.com/wp-content/uploads/2024/07/VP_JunWang-150x150__q_e9fd62f987b2.jpg,5622,80337b1fc98ea6b8b5990d9ec43f79a803c37260aa1222f76e27dad6a20802b3,image/jpeg
site/isscpi.com/wp-content/uploads/2024/07/VP_JunWang-150x200__q_e9fd62f987b2.jpg,7216,ea277ef3c2df1baaeaf1365078f26ebb7813d101c095991a04137141ba2bd850,image/jpeg
site/isscpi.com/wp-content/uploads/2024/07/VP_JunWang-200x150__q_e9fd62f987b2.jpg,6438,fb0325cecc017169daeb01a60907b498f990f5483f1b5be001f2b3a0c92e9177,image/jpeg
site/isscpi.com/wp-content/uploads/2024/07/VP_JunWang-200x200__q_e9fd62f987b2.jpg,8356,88e0b14f30fd1a1f7c3c8dba2b834f6a699de15eddd1fe9ef507edc6d4490018,image/jpeg
site/isscpi.com/wp-content/uploads/2024/07/VP_JunWang.jpg,16639,fda03b0e4a0b021515732f9511fb89e663f1d619bd2e1c2771a8138f3f362d95,image/jpeg
site/isscpi.com/wp-content/uploads/2024/07/Vijay-100x94.png,4527,aa62bec163815bfd950ce34123f3e72ed407f0565a22a92e4569fbab3e023abd,image/png
site/isscpi.com/wp-content/uploads/2024/07/Vijay-150x94.png,8624,46aec1174653d9724258daf40d18e64920a33b9588c4fb079e1815cfc1bc5986,image/png
site/isscpi.com/wp-content/uploads/2024/07/Vijay.png,60056,38328edaab3ede23de8170f1ea15bd704cd589cc1513a9dab91228dd458c86da,image/png
site/isscpi.com/wp-content/uploads/2024/07/XYW-100x100__q_e9fd62f987b2.png,2090,5f53f381ba331c0d7ee58eeab344d20d6d07ecaad4ba92031dc441b3d3a2481c,image/png
site/isscpi.com/wp-content/uploads/2024/07/XYW-1024x329.png,40269,9502bfca493351111e55eaf65f32b1a413806f8e5a98d85490e38d506cabe34d,image/png
site/isscpi.com/wp-content/uploads/2024/07/XYW-1148x482.png,49160,0034b26149f72f80f56069a8ac2e80fc4c7a8fbe073cb2f85eb2ff8c69ad3a4e,image/png
site/isscpi.com/wp-content/uploads/2024/07/XYW-1200x386.png,53011,c780f9111400206c50d18d103c6b08f7c1c5ced876fc5be7007a3bd12648deab,image/png
site/isscpi.com/wp-content/uploads/2024/07/XYW-1200x482.png,53011,c780f9111400206c50d18d103c6b08f7c1c5ced876fc5be7007a3bd12648deab,image/png
site/isscpi.com/wp-content/uploads/2024/07/XYW-1320x424.png,62105,aa0c15685cecff58eb1cc4b83e7ee974467cad15b6cb89f5c4ebd836823cc64a,image/png
site/isscpi.com/wp-content/uploads/2024/07/XYW-150x150__q_e9fd62f987b2.png,3628,653fd365e46679cc0ad13daf7bf32b125ac581ab686e3adf237e6b33caa47816,image/png
site/isscpi.com/wp-content/uploads/2024/07/XYW-150x200__q_e9fd62f987b2.png,4627,103bbd000b7d21c4a0189c8abdb00dd211f07ffbcd29e7d2e63659e01c042d01,image/png
site/isscpi.com/wp-content/uploads/2024/07/XYW-200x150__q_e9fd62f987b2.png,4552,6ddf8348d61fc1cff8ab9968dab3a76891a39c82b21ef028fc3b390f27de9bea,image/png
site/isscpi.com/wp-content/uploads/2024/07/XYW-200x200__q_e9fd62f987b2.png,5454,2ae5d3ca40ba261dedd20f870a61ace097e70de5b8540c1753e020a8121bd147,image/png
site/isscpi.com/wp-content/uploads/2024/07/XYW-300x300__q_e9fd62f987b2.png,10354,e66352f3770b870f9b3c3a1e74e5c74cf555cc5e919e88d7a9a9437e6244e622,image/png
site/isscpi.com/wp-content/uploads/2024/07/XYW-300x400__q_e9fd62f987b2.png,13757,68b2301f36d4f5d1d4f321290efa032104685bb6c567f770d4c479c3c069ba00,image/png
site/isscpi.com/wp-content/uploads/2024/07/XYW-300x96.png,5301,72d3a8cabe246030aa188d1209967d3c697752126d28b8d71af8a4480ade041e,image/png
site/isscpi.com/wp-content/uploads/2024/07/XYW-400x300__q_e9fd62f987b2.png,13556,89fb9d459791c2033ac949cacfd08a584035e89c777b21dc9607901e3397db97,image/png
site/isscpi.com/wp-content/uploads/2024/07/XYW-400x400__q_e9fd62f987b2.png,16572,5dac4103d37f772d1a640968397bc87ffed19c52a972a964c6af9d1cdcf660ff,image/png
site/isscpi.com/wp-content/uploads/2024/07/XYW-450x482.png,9895,5f77c04c69aa0493a18d8cb9414302678ade290ccddfa691b7312917489c92c3,image/png
site/isscpi.com/wp-content/uploads/2024/07/XYW-600x193.png,16125,11cd26d5de2a840f78937b6b49108956e2076883e1b7389778ecb74c4883a21a,image/png
site/isscpi.com/wp-content/uploads/2024/07/XYW-600x450__q_e9fd62f987b2.png,26458,265bcf6801795f75c4bc34699aaa82a9fc998b09526c1355c665551892278ecb,image/png
site/isscpi.com/wp-content/uploads/2024/07/XYW-600x482.png,16125,11cd26d5de2a840f78937b6b49108956e2076883e1b7389778ecb74c4883a21a,image/png
site/isscpi.com/wp-content/uploads/2024/07/XYW-768x247.png,24320,e508e31a1db87c87605cce5e212c21cb17a4ac3819170f24a351c7dd6ccc082b,image/png
site/isscpi.com/wp-content/uploads/2024/07/XYW-800x482.png,26091,1716b363aa7ee8277703e54797bdfb14793a14dace0f0c30dd056af4f60ba5bf,image/png
site/isscpi.com/wp-content/uploads/2024/07/XYW-900x482.png,32163,7b0e8e3143cfa205b8961b20bc8e24c323ccaac79e384a25648d73bee7a468eb,image/png
site/isscpi.com/wp-content/uploads/2024/07/XYW.png,102645,bf8d93ba94ce4e449e5ce988e53cac90e5637cf0633982e032f274d21a3f1e88,image/png
site/isscpi.com/wp-content/uploads/2024/07/brahim-100x100__q_e9fd62f987b2.jpg,3703,4bcbb762952c7fa121161543f7a972156edeca8cbdc88b7f836c549e748a43de,image/jpeg
site/isscpi.com/wp-content/uploads/2024/07/brahim-150x150__q_e9fd62f987b2.jpg,6007,b07a218b2a4ed54ab35881da8bf163bc9db986d7cc41154bce3191643538c650,image/jpeg
site/isscpi.com/wp-content/uploads/2024/07/brahim-150x200__q_e9fd62f987b2.jpg,7593,a5b93bd70b4eb8a8abf5fe930a0d5fe9d6f2e5e854d5f0717fcbe7ebcc3f3ea0,image/jpeg
site/isscpi.com/wp-content/uploads/2024/07/brahim-200x150__q_e9fd62f987b2.jpg,7108,2dbacd4eb82a74e4af2417c0c9b92e3c3ecdb6c890064628186a6b7b3a6ad1a0,image/jpeg
site/isscpi.com/wp-content/uploads/2024/07/brahim-200x200__q_e9fd62f987b2.jpg,8858,8cf4f62e1aa98dba3ce59023d90e1195d53e5385626547044880e283d7c6cc6c,image/jpeg
site/isscpi.com/wp-content/uploads/2024/07/brahim-225x300.jpg,13572,43204327ca9c88c9ba3eccc4407567e99922e138676f81cb7391c1f78e4ba9de,image/jpeg
site/isscpi.com/wp-content/uploads/2024/07/brahim-240x300.jpg,13572,43204327ca9c88c9ba3eccc4407567e99922e138676f81cb7391c1f78e4ba9de,image/jpeg
site/isscpi.com/wp-content/uploads/2024/07/brahim.jpg,17669,d2e22b17251f097f8f0e941a028ba6faaf1931f0ad23e37639c3b8a91e795273,image/jpeg
site/isscpi.com/wp-content/uploads/2024/07/construction01-100x100__q_e9fd62f987b2.jpg,1873,d1bb2153f5be0025814dfd95d1c9fe41ebf6de452cb8459afa365f8542ebea57,image/jpeg
site/isscpi.com/wp-content/uploads/2024/07/construction01-1024x651.jpg,68504,6d46188cf8e005f605713c703b33f04eae9de0a51de580bdb2dd15db1f46e081,image/jpeg
site/isscpi.com/wp-content/uploads/2024/07/construction01-1148x600__q_e9fd62f987b2.jpg,77255,1799f568d3a052736ebca45997766b7dffd7be0805fbc2d903988a417b3cc3f9,image/jpeg
site/isscpi.com/wp-content/uploads/2024/07/construction01-1200x1200__q_e9fd62f987b2.jpg,145135,0d919f27ce652d01874d318dea1e0c23bc45b683101761bfab0b284021add726,image/jpeg
site/isscpi.com/wp-content/uploads/2024/07/construction01-1200x763.jpg,93135,16a4e2cec8762d2ccca10ce692e4dcf6cab81763626afff7c8b03fb5a84c4afc,image/jpeg
site/isscpi.com/wp-content/uploads/2024/07/construction01-1200x900__q_e9fd62f987b2.jpg,108931,cd61be8b932ad39d63744e151649bbf637342d46f33c4d979c26672d71c7f20b,image/jpeg
site/isscpi.com/wp-content/uploads/2024/07/construction01-1320x839.jpg,111785,f86f3a1827bbd31c0ee7c125ebb90aad8c1ad6d38cf2e1822d97a679f1f0f0ed,image/jpeg
site/isscpi.com/wp-content/uploads/2024/07/construction01-150x150__q_e9fd62f987b2.jpg,3320,42e3a27945c2b751153caef087bb9f69997688f42fd7963f46071fc09318b813,image/jpeg
site/isscpi.com/wp-content/uploads/2024/07/construction01-150x200__q_e9fd62f987b2.jpg,4070,bff7308f8a9c6cd8dddd01730a79847a70263640caccde4e918a7c06bf8abbd6,image/jpeg
site/isscpi.com/wp-content/uploads/2024/07/construction01-1536x976.jpg,149476,a82f332679e1e03f6da2198839f6704c00c617458de94df770cef72787d3285d,image/jpeg
site/isscpi.com/wp-content/uploads/2024/07/construction01-200x150__q_e9fd62f987b2.jpg,4170,8c200b94045c800692739b52fa57bcc063cc035344c33a8887ca935aceccca80,image/jpeg
site/isscpi.com/wp-content/uploads/2024/07/construction01-200x200__q_e9fd62f987b2.jpg,5204,0c4b4c28119987ea1c6e6a9a3e840537dd97710c85b0a9fa2df6081bb170e849,image/jpeg
site/isscpi.com/wp-content/uploads/2024/07/construction01-2048x1302.jpg,257309,2902e8aeee4ed872a2c9fc89039661f5e9532b8cafd1f86ec2ad8b6105150286,image/jpeg
site/isscpi.com/wp-content/uploads/2024/07/construction01-300x191.jpg,7290,06fe1edd881803f452c599c598fa6a20d8607113ec44c2d93f41d857ce3fd49f,image/jpeg
site/isscpi.com/wp-content/uploads/2024/07/construction01-300x300__q_e9fd62f987b2.jpg,10699,909a4c57cf05d83cdc1a01c1e9672838232bbebe6f555cc36e05dbf1b5143ca2,image/jpeg
site/isscpi.com/wp-content/uploads/2024/07/construction01-300x400__q_e9fd62f987b2.jpg,13756,38e2707f9f4c00605e5a89ad8b7f06987a9b4db08019d96299c35a78da9f3f5a,image/jpeg
site/isscpi.com/wp-content/uploads/2024/07/construction01-400x300__q_e9fd62f987b2.jpg,13745,5ad999721bb0ccc7534242872ecd50b5e84d34ac284e8870f19fd22425c8b80b,image/jpeg
site/isscpi.com/wp-content/uploads/2024/07/construction01-400x400__q_e9fd62f987b2.jpg,17765,5e289d2f3671461988d663e1ed3a18977c7ea39c00f09ee79b302a8bce7181f7,image/jpeg
site/isscpi.com/wp-content/uploads/2024/07/construction01-450x600__q_e9fd62f987b2.jpg,29534,9daa5c4c2f4bc16b5efbabf274e82041ff5ce868435c5a6ffa739a161b562664,image/jpeg
site/isscpi.com/wp-content/uploads/2024/07/construction01-600x381.jpg,25087,4039a2157c181c316240b4e5251ea7a3f6254b103f647e9da17373b7fa0a9327,image/jpeg
site/isscpi.com/wp-content/uploads/2024/07/construction01-600x450__q_e9fd62f987b2.jpg,29174,24f62d9479d082f5095a85100e8dfa328d4c54fac3cd4caabc2ce21ec4e6a187,image/jpeg
site/isscpi.com/wp-content/uploads/2024/07/construction01-600x600__q_e9fd62f987b2.jpg,38340,110b5a38c5b28d8834f83ae4828532f66cd98d60b69618a815ab859e3dd97159,image/jpeg
site/isscpi.com/wp-content/uploads/2024/07/construction01-600x800__q_e9fd62f987b2.jpg,50962,7c02fbc00d0bf98bfd3ad3f385a010beb63d0e0ae45d02e785a86f126ffaec2a,image/jpeg
site/isscpi.com/wp-content/uploads/2024/07/construction01-768x488.jpg,39716,99c5455daadea2dec5e0ea33048bcd5a4caedc328d3a8ac6103a7fd65027344f,image/jpeg
site/isscpi.com/wp-content/uploads/2024/07/construction01-800x600__q_e9fd62f987b2.jpg,49663,30dd370cabf1e135ebfb0778e0788e1904f40ba22567385a802ddda49992958b,image/jpeg
site/isscpi.com/wp-content/uploads/2024/07/construction01-800x800__q_e9fd62f987b2.jpg,66544,00fb713b971b41df64937f75ac21e09a535f948161187e8b6a76afdb57ab229e,image/jpeg
site/isscpi.com/wp-content/uploads/2024/07/construction01-900x1200__q_e9fd62f987b2.jpg,111511,8423f048de170725cd3aee706256369d169a2a554894f3ac90069fe881fd2c62,image/jpeg
site/isscpi.com/wp-content/uploads/2024/07/construction01.jpg,808670,ca2d0f00559ebce3b766ebd4c33a10ccb4857b35b22267fab9fafa61e752dcae,image/jpeg
site/isscpi.com/wp-content/uploads/2024/07/cropped-icon-1-100x100__q_e9fd62f987b2.png,2368,b4cb4fb0a080ff89c9b34a4fa54e5a84b121eb538ddcae4e9a90e7e8fd248e9d,image/png
site/isscpi.com/wp-content/uploads/2024/07/cropped-icon-1-150x150__q_e9fd62f987b2.png,3352,d99021df6f61c8e03a0d521a8a5f143c38c7554493c364c17bd8f67d335edfa5,image/png
site/isscpi.com/wp-content/uploads/2024/07/cropped-icon-1-150x200__q_e9fd62f987b2.png,3955,11961fe45b11abac3b3d74ab0a9cf00baf46691253684f783172303412abeb03,image/png
site/isscpi.com/wp-content/uploads/2024/07/cropped-icon-1-180x180.png,3912,36c71eafc8274e43e1d66ea7c4023f19de6953fc5bb52ed4233fabc2e1d1d38c,image/png
site/isscpi.com/wp-content/uploads/2024/07/cropped-icon-1-192x192.png,3783,93d08b0d0881deebe35e153b796fcd153d6f4a9b7ba50845b4970192cf204ca6,image/png
site/isscpi.com/wp-content/uploads/2024/07/cropped-icon-1-200x150__q_e9fd62f987b2.png,4172,180d279bc7d042950fb2b1b3839a8f4c1e22a21e2ccdb7d3ff0943463fd0bf78,image/png
site/isscpi.com/wp-content/uploads/2024/07/cropped-icon-1-200x200__q_e9fd62f987b2.png,4217,6e1b3975cdcce446ec81ef38ad97c9115767970e71180ecd046d132acc8ae723,image/png
site/isscpi.com/wp-content/uploads/2024/07/cropped-icon-1-270x270.png,5655,7d17ad08ec70412c188c69727eb7770ed3b35c18db4b525761f7b89f9fa45af5,image/png
site/isscpi.com/wp-content/uploads/2024/07/cropped-icon-1-300x300__q_e9fd62f987b2.png,6315,d505eacfd1499f4dfe5a1a2973d6836cd91984f5f662ed4d1a35a6f79a51d174,image/png
site/isscpi.com/wp-content/uploads/2024/07/cropped-icon-1-300x400__q_e9fd62f987b2.png,7827,74d54e26ff4a2b06bb309d1168dcefc84a28d06b3cc82e0ae23d8e5ea28d4672,image/png
site/isscpi.com/wp-content/uploads/2024/07/cropped-icon-1-32x32.png,1020,981fb32f5a4d9ea55e74c3d7ba83810eb1a84eb38be93a8f0922c6926182b0fd,image/png
site/isscpi.com/wp-content/uploads/2024/07/cropped-icon-1-400x300__q_e9fd62f987b2.png,8430,22480ca833ed492b2983c9039ab4d75012ccbe93127508a12ddb01d3bad5dab1,image/png
site/isscpi.com/wp-content/uploads/2024/07/cropped-icon-1-400x400__q_e9fd62f987b2.png,8592,41318fc82150257e413df48f8bef800c33c5ccb2e9bdbd436639f587a8a75150,image/png
site/isscpi.com/wp-content/uploads/2024/07/cropped-icon-1-450x512.png,9900,e92901b76a00b18da5f28b08a7c90f59db581538af8f5b0bed316509eec1a38c,image/png
site/isscpi.com/wp-content/uploads/2024/07/cropped-icon-1-512x450.png,9900,e92901b76a00b18da5f28b08a7c90f59db581538af8f5b0bed316509eec1a38c,image/png
site/isscpi.com/wp-content/uploads/2024/07/cropped-icon-1.png,11174,921295653ef4ba38e618cff651f304a850423630b52d1d35be3d1710b17c26c6,image/png
site/isscpi.com/wp-content/uploads/2024/07/icon-1-100x100__q_e9fd62f987b2.png,2323,b8be6d1b12d027d7038011a48daff4c1b57f8caf6b31007d3514187af57af360,image/png
site/isscpi.com/wp-content/uploads/2024/07/icon-1-150x150__q_e9fd62f987b2.png,3352,d789c47835b6b97225d93f78b453a729dec0ec002e1b0b261215babd27397d2c,image/png
site/isscpi.com/wp-content/uploads/2024/07/icon-1-150x200__q_e9fd62f987b2.png,3977,d9d3c473b1ea86e68582912daf4ee92581724ef92dc31229da280b9b4b9e9a4c,image/png
site/isscpi.com/wp-content/uploads/2024/07/icon-1-200x150__q_e9fd62f987b2.png,4160,df2068c05a5d6a725cec313b20a07b9fcdf6a5c03508e69c54b91f982ac613b4,image/png
site/isscpi.com/wp-content/uploads/2024/07/icon-1-200x200__q_e9fd62f987b2.png,4221,a48a661c10d20247e8b3d0a2b7227af9d4b069cd4d4d9d51720b070020d50005,image/png
site/isscpi.com/wp-content/uploads/2024/07/icon-1-300x300__q_e9fd62f987b2.png,6309,a4e5d68d238c46fc3021cf7842c3d16713e21032d5a7a066a7f140a5635700b6,image/png
site/isscpi.com/wp-content/uploads/2024/07/icon-1-300x400__q_e9fd62f987b2.png,7830,58d5ac14b3b72854f3f5d95628881cb2a8bd617f11ac59b359138791ee9ed1d9,image/png
site/isscpi.com/wp-content/uploads/2024/07/icon-1-400x300__q_e9fd62f987b2.png,8466,ffa333a809da1fa7bf1fb8c1a55e65c2c8a811b3e2263cc5413d4cd1bb08206d,image/png
site/isscpi.com/wp-content/uploads/2024/07/icon-1-400x400__q_e9fd62f987b2.png,8595,49c600bbc3b24779163b8896465db779dfe9316b5980c196e7e6705ebf13f15c,image/png
site/isscpi.com/wp-content/uploads/2024/07/icon-1-450x512.png,9883,457f96fa1828f530dcb69ae4977698bf1a0de4828dae3c5de7a2e73280b7d777,image/png
site/isscpi.com/wp-content/uploads/2024/07/icon-1-512x450.png,9883,457f96fa1828f530dcb69ae4977698bf1a0de4828dae3c5de7a2e73280b7d777,image/png
site/isscpi.com/wp-content/uploads/2024/07/icon-1.png,11256,6d0dd29fe09b32a88733450aaeb2b00868bd6ed686cbf921596d0b86499e35f8,image/png
site/isscpi.com/wp-content/uploads/2024/07/icon-100x100__q_e9fd62f987b2.png,2831,47e8bedcb4bc150a77deaca3dc2c184ccaae9bd16bf3761440d7b52e663f8c3b,image/png
site/isscpi.com/wp-content/uploads/2024/07/icon.png,2367,86a3caf299100783c0dc87f112e301f46979884d0b9ddc413c8c6c4d033c20fd,image/png
site/isscpi.com/wp-content/uploads/2024/07/logo_title_w-100x100__q_e9fd62f987b2.png,2896,ec49b75bf6a0722b9968269d4bfd8654a1e91679665df5d2cf2a1a9b127e60b7,image/png
site/isscpi.com/wp-content/uploads/2024/07/logo_title_w-150x109.png,2470,a8cceeb48a63e315b82a4284452d3b3906153ea20739854bcddd6918d43a81bd,image/png
site/isscpi.com/wp-content/uploads/2024/07/logo_title_w-200x109.png,3135,33c99943b768e1cc93b58ae1de61011a84fbdfd76fbbd444bcfe1f8712662441,image/png
site/isscpi.com/wp-content/uploads/2024/07/logo_title_w-300x109.png,4538,c96ff03ce142ff318c64e2272f48982db91a97c0381da9c22b3cf8ea399a799c,image/png
site/isscpi.com/wp-content/uploads/2024/07/logo_title_w-300x49.png,4538,c96ff03ce142ff318c64e2272f48982db91a97c0381da9c22b3cf8ea399a799c,image/png
site/isscpi.com/wp-content/uploads/2024/07/logo_title_w-400x109.png,6137,3c59998b6395f2a1eb7ff5f39e6f85104c54295c0bbeac42667a9f61893874a5,image/png
site/isscpi.com/wp-content/uploads/2024/07/logo_title_w-450x109.png,6992,242940edcf3bd4fa59010cc732d5a47315af2a22d57092a95c920d8c6fdeb8eb,image/png
site/isscpi.com/wp-content/uploads/2024/07/logo_title_w-600x109.png,9536,4e75d834912e015d8aa1662c81e85bfb068c7ad0e3d2cb3bcf72782a30e54918,image/png
site/isscpi.com/wp-content/uploads/2024/07/logo_title_w-600x98.png,9536,4e75d834912e015d8aa1662c81e85bfb068c7ad0e3d2cb3bcf72782a30e54918,image/png
site/isscpi.com/wp-content/uploads/2024/07/logo_title_w.png,9996,22a3315a4631e156b330ba374819e8c856dbcf726f125845af84a774f878d407,image/png
site/isscpi.com/wp-content/uploads/2024/07/logo_title_w_o2-100x100__q_e9fd62f987b2.png,3062,bb6534fcb2369b0afd9a2e394b5a0f315406d4cae1f85bf3fc3c59e91d0be341,image/png
site/isscpi.com/wp-content/uploads/2024/07/logo_title_w_o2-150x109.png,2261,7e80cf41fbe10779d3d9964e179e0fb92911818109ce72faeba4b81fb6891325,image/png
site/isscpi.com/wp-content/uploads/2024/07/logo_title_w_o2-200x109.png,2938,4de288d45d696f69f4b637592c3f24184bba21a85e761308b88944bd77e2d057,image/png
site/isscpi.com/wp-content/uploads/2024/07/logo_title_w_o2-300x109.png,4459,245790070ad7318f8b1f015946226e901996c560def169ccd899719cd70b1275,image/png
site/isscpi.com/wp-content/uploads/2024/07/logo_title_w_o2-300x49.png,4459,245790070ad7318f8b1f015946226e901996c560def169ccd899719cd70b1275,image/png
site/isscpi.com/wp-content/uploads/2024/07/logo_title_w_o2-400x109.png,6152,f2bdd74a64783de21d6190a2c39b56fbf7ed629f52885fca2f1dd4abd485eec5,image/png
site/isscpi.com/wp-content/uploads/2024/07/logo_title_w_o2-450x109.png,6960,b683f5f7ea92a23a3156cdded9e334d77ed069792d3fc47b46fac69754398be9,image/png
site/isscpi.com/wp-content/uploads/2024/07/logo_title_w_o2-600x109.png,9397,09dfbe60a9bc73a8514d9e3b38c6fd1166c677d1c04e5e8ec7911cfc04b49e98,image/png
site/isscpi.com/wp-content/uploads/2024/07/logo_title_w_o2-600x98.png,9397,09dfbe60a9bc73a8514d9e3b38c6fd1166c677d1c04e5e8ec7911cfc04b49e98,image/png
site/isscpi.com/wp-content/uploads/2024/07/logo_title_w_o2.png,8084,7f97d29b62305aa293256b3f4fa08ed10edb613495258c09980ab4d3e145ea19,image/png
site/isscpi.com/wp-content/uploads/2024/07/shah-surenda-100x100__q_e9fd62f987b2.jpg,1780,a9c480fa465c4f8daa6d5535c9cde062daaf0619810e5af89a411c43974b4f8a,image/jpeg
site/isscpi.com/wp-content/uploads/2024/07/shah-surenda-150x150__q_e9fd62f987b2.jpg,2795,9ccb17b67942c741e5b752d7c2d90d35a44a9475f375bcef9cae2d62ed5098f0,image/jpeg
site/isscpi.com/wp-content/uploads/2024/07/shah-surenda-150x200__q_e9fd62f987b2.jpg,3456,39c26fec0663f9db99e2686fae631fc7875bfe6c07a0d07f2b867bc74d66528e,image/jpeg
site/isscpi.com/wp-content/uploads/2024/07/shah-surenda-200x150__q_e9fd62f987b2.jpg,3218,aeadf4ad300902d2dce63c230f7dbdcc2ba5dc043c3bf4d9f79d2fbbce8fad47,image/jpeg
site/isscpi.com/wp-content/uploads/2024/07/shah-surenda-200x200__q_e9fd62f987b2.jpg,3901,9941f0c301aabd430bc960949cef16c29e9cf5494d01def26f81a316a0067cec,image/jpeg
site/isscpi.com/wp-content/uploads/2024/07/shah-surenda-226x300.jpg,5926,c6622f6f0b70caea8e1425da53411d7ae59cd5987af61782032f8b95620eca2f,image/jpeg
site/isscpi.com/wp-content/uploads/2024/07/shah-surenda-240x300.jpg,5926,c6622f6f0b70caea8e1425da53411d7ae59cd5987af61782032f8b95620eca2f,image/jpeg
site/isscpi.com/wp-content/uploads/2024/07/shah-surenda.jpg,6753,f90003b6aa1e7fa9c7d50e6a17f03e920ee49cc45a71664db6e95b7fa6642673,image/jpeg
site/isscpi.com/wp-content/uploads/2024/07/wechat-100x100__q_e9fd62f987b2.jpg,6199,a93eeaaba5ddeef9f65a8277d985d77ee54541dc900dd6df438483db0b42cdbf,image/jpeg
site/isscpi.com/wp-content/uploads/2024/07/wechat-150x150__q_e9fd62f987b2.jpg,11203,60db5d05c8d32d1a1b2c47ff419f46b4a720f669f8cb2ab5e22317c37e70af0d,image/jpeg
site/isscpi.com/wp-content/uploads/2024/07/wechat-150x200__q_e9fd62f987b2.jpg,14204,681c51c20c60b991856295ab87fa71353328b8c9772ad506157d058657786547,image/jpeg
site/isscpi.com/wp-content/uploads/2024/07/wechat-200x150__q_e9fd62f987b2.jpg,13795,98b62015f85b3865e913ab2bce48f757905a18d0a1706785f3f33185ffa41356,image/jpeg
site/isscpi.com/wp-content/uploads/2024/07/wechat-200x200__q_e9fd62f987b2.jpg,16277,6d22574d7f1ccccc6eae96eee8c4ac37af4857275a8e289564903c234c6ed3c7,image/jpeg
site/isscpi.com/wp-content/uploads/2024/07/wechat-300x300__q_e9fd62f987b2.jpg,28108,319e1ed18f325c0e65e77ededcf149a76def80e198c8280ae7189aade022df4a,image/jpeg
site/isscpi.com/wp-content/uploads/2024/07/wechat-300x400__q_e9fd62f987b2.jpg,32768,29572f9010d661fea6a51708db185199f027997a81f11876f93abf2597efba4a,image/jpeg
site/isscpi.com/wp-content/uploads/2024/07/wechat-400x300__q_e9fd62f987b2.jpg,32525,7ca2d113d0ad46dc0d56c68eff7db9471c377435743aca54e0c9c99c7e1fa85c,image/jpeg
site/isscpi.com/wp-content/uploads/2024/07/wechat-400x400__q_e9fd62f987b2.jpg,37778,e3a9e63ca2e1da3712e033f0b86fd3f64d49e29f3a7a5c798e187ebabe27d5f4,image/jpeg
site/isscpi.com/wp-content/uploads/2024/07/wechat-450x600__q_e9fd62f987b2.jpg,49126,f7dca356bb981de1bba53b26b7b8e63b1e0652645f135d60f92e37c18549b3e2,image/jpeg
site/isscpi.com/wp-content/uploads/2024/07/wechat-600x450__q_e9fd62f987b2.jpg,49121,7d05ee36963469ea7b145f2030638101cf51632967be64858e699f6c86056079,image/jpeg
site/isscpi.com/wp-content/uploads/2024/07/wechat-600x600__q_e9fd62f987b2.jpg,56843,727799e1a96ca7796a768431e891d797ef3407f81adb291c7eb1ed19b7737f41,image/jpeg
site/isscpi.com/wp-content/uploads/2024/07/wechat-600x603.jpg,56854,e56a25c7e89628a8444441a971be914f186b5eb1ce89211c84118b552170653a,image/jpeg
site/isscpi.com/wp-content/uploads/2024/07/wechat-600x680.jpg,56854,e56a25c7e89628a8444441a971be914f186b5eb1ce89211c84118b552170653a,image/jpeg
site/isscpi.com/wp-content/uploads/2024/07/wechat-677x600.jpg,56523,d9dbfd84f0ee915df50ce98c2c0d6bf571aedd75882d06876d1a9256be97888d,image/jpeg
site/isscpi.com/wp-content/uploads/2024/07/wechat.jpg,79857,e60654fb1c619711fa6def599ac6b1c152306c0a5d56b188678192747bbc7e61,image/jpeg
site/isscpi.com/wp-content/uploads/2025/04/Nomination-Letter-Template-2025_1.docx,46627,fd07564bd4a04ec5aa4f0af2c3d5baea2d7cca728158ed69474fdf20ec2fd0ae,application/vnd.openxmlformats-officedocument.wordprocessingml.document
site/isscpi.com/wp-content/uploads/2025/04/jbde_cover-100x100__q_e9fd62f987b2.png,7250,28e66f3f2d9297da81e381bad42f73be9ca7413a20daaa4d16190a0c1ee35863,image/png
site/isscpi.com/wp-content/uploads/2025/04/jbde_cover-150x150__q_e9fd62f987b2.png,13175,577f6a3a9ecd9fb68add2b3e98a4f2fc9d33a0b0cb8352e3fc0010a81bbacf63,image/png
site/isscpi.com/wp-content/uploads/2025/04/jbde_cover-240x300.png,30406,893928b3dc79edac86f43092175a544002c1e6f7eab9a6df307bfd131d12f9bc,image/png
site/isscpi.com/wp-content/uploads/2025/04/jbde_cover-300x300__q_e9fd62f987b2.png,39911,52258e0ad1e3cee6e09f652baa5e3f59cb46d33f33052641a35f5209a2192d31,image/png
site/isscpi.com/wp-content/uploads/2025/04/jbde_cover.png,82095,133975e51ef3d997286cd1100c1d9b8e46af12f97491aac2fc285dce28f1bd1c,image/png
site/isscpi.com/wp-content/uploads/2025/09/Giuseppe-100x100__q_e9fd62f987b2.jpg,2140,3f14c15f7a556a85c4d5f5ca952318e21ec12216ca324f61a6978416400f7255,image/jpeg
site/isscpi.com/wp-content/uploads/2025/09/Giuseppe-150x150__q_e9fd62f987b2.jpg,3397,fd9822e9cb102f13a953ab0ca52e94e1ef9e6022ff39562f21fb6a469e439ff3,image/jpeg
site/isscpi.com/wp-content/uploads/2025/09/Giuseppe-300x300__q_e9fd62f987b2.jpg,9290,cb770237142b144840417522130babb3c3f2e1f300dc22af529463de5a166d5b,image/jpeg
site/isscpi.com/wp-content/uploads/2025/09/Giuseppe.jpg,12268,5b707528d42f0fb0e4bfdf4b3ed850ad65df214fba205b7559392a81a220af43,image/jpeg
site/isscpi.com/wp-content/uploads/2025/09/jbde_cover_new-100x100__q_e9fd62f987b2.png,7280,f923d623b98a796b5b73fed4c10cdaf561efd37c2689424857a2a145a446f440,image/png
site/isscpi.com/wp-content/uploads/2025/09/jbde_cover_new-150x150__q_e9fd62f987b2.png,13322,da49700cd64449892048a38012a44036774b9fa7b076d492eb69f8cfdb3f638c,image/png
site/isscpi.com/wp-content/uploads/2025/09/jbde_cover_new-150x200__q_e9fd62f987b2.png,15754,06cd75943c7c4a7f48684c04d4bcde055e19ef9a317d1c953e269d5c68ea4503,image/png
site/isscpi.com/wp-content/uploads/2025/09/jbde_cover_new-200x150__q_e9fd62f987b2.png,17993,640d3db31f77f01556a5621b3a36fbd857b298bc2a04b3029d4996856a17a37b,image/png
site/isscpi.com/wp-content/uploads/2025/09/jbde_cover_new-200x200__q_e9fd62f987b2.png,20617,d30164c55c15d1a851bf488b7732695acc2d0128791eed819b3e643da16a13e1,image/png
site/isscpi.com/wp-content/uploads/2025/09/jbde_cover_new-240x300.png,31370,f815bf61495925e708ac74fccd8cecdbd9e8ea36385f6ea54d3577ac26c9f6a7,image/png
site/isscpi.com/wp-content/uploads/2025/09/jbde_cover_new-300x300__q_e9fd62f987b2.png,42367,a4882f3c2e283d76dcc480a32123799da873db99b6d8072fc80ff81100ebea76,image/png
site/isscpi.com/wp-content/uploads/2025/09/jbde_cover_new-300x400__q_e9fd62f987b2.png,50197,d4d27297fd7f9f9bb9cdb175e8f8563b61d91c4cb8db24e0cb3ac095bcddc942,image/png
site/isscpi.com/wp-content/uploads/2025/09/jbde_cover_new-400x300__q_e9fd62f987b2.png,59326,09d1be442559344945c2916fbca55fafaab5154f30325048e5e59a8505d8ce38,image/png
site/isscpi.com/wp-content/uploads/2025/09/jbde_cover_new-400x400__q_e9fd62f987b2.png,69664,dead1441030f42efba817090b6d6aba827914f71deb733c6f2aec76ae15fe210,image/png
site/isscpi.com/wp-content/uploads/2025/09/jbde_cover_new-450x600__q_e9fd62f987b2.png,101025,51d741919078788ec3ed0a076bd38a2be587945b54c01ca485e2e9e170c9f323,image/png
site/isscpi.com/wp-content/uploads/2025/09/jbde_cover_new-480x450.png,64138,31e2d4e9de675b74884d397982b86329b99d75daee1a86391950624e535130d2,image/png
site/isscpi.com/wp-content/uploads/2025/09/jbde_cover_new.png,320612,2301752142c0e724ce73a11070d1a2e3e5a8149826401ec3102423d3a54921cd,image/png
site/isscpi.com/wp-content/uploads/2025/12/2020_award_01-100x100__q_e9fd62f987b2.jpg,3995,8a85b5859f72b421788aefe1ffc9bce162ae745f755227158ce487fec0507db3,image/jpeg
site/isscpi.com/wp-content/uploads/2025/12/2020_award_01-1024x537.jpg,92977,311925321f8525b754a7629b89969eed2c73d864f7b2b4f7b79bc12e791b2211,image/jpeg
site/isscpi.com/wp-content/uploads/2025/12/2020_award_01-1148x600__q_e9fd62f987b2.jpg,113247,99a97019e39cd9a92233a8b71978f7d93eb1cebdd032dc6641b38110431861f9,image/jpeg
site/isscpi.com/wp-content/uploads/2025/12/2020_award_01-1200x1200__q_e9fd62f987b2.jpg,171625,ac3cdcbb729707ffd283f2adf6448b9f4430135f0c548767acc36a7e0a282f1c,image/jpeg
site/isscpi.com/wp-content/uploads/2025/12/2020_award_01-1200x630.jpg,119685,238f9dcbe4bf50cebb17e2d247eab4c548066a9fda995dbdf6b3c2cf80d515d9,image/jpeg
site/isscpi.com/wp-content/uploads/2025/12/2020_award_01-1200x900__q_e9fd62f987b2.jpg,161614,6610eaf6ae412e871fb498cf69ffe6efa27867a7567fd8c5de65b235631b2fb0,image/jpeg
site/isscpi.com/wp-content/uploads/2025/12/2020_award_01-1320x692.jpg,136236,49a41a3d721df9df7638f14a8b5a716696dca5f27d2cb65880c5a5f38cdff2a5,image/jpeg
site/isscpi.com/wp-content/uploads/2025/12/2020_award_01-150x150__q_e9fd62f987b2.jpg,7774,c0bf426df4b9e0227b57793648c6570e95b932a8135e23c915f48ab21b4a6d1a,image/jpeg
site/isscpi.com/wp-content/uploads/2025/12/2020_award_01-150x200__q_e9fd62f987b2.jpg,9493,9cf63b53ff87b6d7aee01a7cf932fb71aa0a8b136fe0ee12d0bf1dedf7f1ed78,image/jpeg
site/isscpi.com/wp-content/uploads/2025/12/2020_award_01-1536x806.jpg,167345,dd6bd1dfc73da59014ebdb45568e45e175831c6b4877d6fd27b3d8f25a9754b0,image/jpeg
site/isscpi.com/wp-content/uploads/2025/12/2020_award_01-200x150__q_e9fd62f987b2.jpg,10175,68aa6c5ad1c77c768ef5160df9f1d8ad8d0268eb225923f1fda96dd8df727b90,image/jpeg
site/isscpi.com/wp-content/uploads/2025/12/2020_award_01-200x200__q_e9fd62f987b2.jpg,12584,966fb4df41555e9326bcd6c9f47e82c50b0125a57f5059c2610414203f312e3d,image/jpeg
site/isscpi.com/wp-content/uploads/2025/12/2020_award_01-2048x1074.jpg,248586,f14d5d810b8d29f1fdebb2ec2f6ed837eb0e1470241bb6ace9553a1cb629851a,image/jpeg
site/isscpi.com/wp-content/uploads/2025/12/2020_award_01-300x157.jpg,13265,495b394cba09c1857ed91760fdab90ac22185b52bc60dc4bae9443e5e591258c,image/jpeg
site/isscpi.com/wp-content/uploads/2025/12/2020_award_01-300x300__q_e9fd62f987b2.jpg,24147,09bd6ab350b20c24c5807c44ca4346200eef43ca8d389e3fe565460be8988d8a,image/jpeg
site/isscpi.com/wp-content/uploads/2025/12/2020_award_01-300x400__q_e9fd62f987b2.jpg,27873,c635f6e47f82fa832f6b74c146ffd31a8652c46af98455d084fae63a16a652d3,image/jpeg
site/isscpi.com/wp-content/uploads/2025/12/2020_award_01-400x300__q_e9fd62f987b2.jpg,32549,6e07bc1e8d27bf98ad54ff7b4f908fdc07672adb00eac8ca13f184beac94002d,image/jpeg
site/isscpi.com/wp-content/uploads/2025/12/2020_award_01-400x400__q_e9fd62f987b2.jpg,37921,83a63d1f34b903639fcb17746d5b80464c88b532e62e6af521afd8aeae915d51,image/jpeg
site/isscpi.com/wp-content/uploads/2025/12/2020_award_01-450x600__q_e9fd62f987b2.jpg,49802,dd792cd2aae2465610f8f6710d89b26bec950bb304a8657559d57e4966f06fe2,image/jpeg
site/isscpi.com/wp-content/uploads/2025/12/2020_award_01-600x315.jpg,42237,7007c70cb1c50c2eb04a49151c3117434d0ca399974e8a2edd874aa51e231c75,image/jpeg
site/isscpi.com/wp-content/uploads/2025/12/2020_award_01-600x450__q_e9fd62f987b2.jpg,61868,11767bb21b389b5c6ec2c4cdbb5a068bc4f3cb9b0e7ca3cde67e19f4d8e09e9e,image/jpeg
site/isscpi.com/wp-content/uploads/2025/12/2020_award_01-600x600__q_e9fd62f987b2.jpg,67810,c8c6727926235adba79dfefb671ecf301a6ada7db8cabf9fe855e5b2c8d54d8c,image/jpeg
site/isscpi.com/wp-content/uploads/2025/12/2020_award_01-600x800__q_e9fd62f987b2.jpg,72060,1bc946938907a0cca3a0b467a16ad63543539b85f1c0f5e62561c9eb149c34f2,image/jpeg
site/isscpi.com/wp-content/uploads/2025/12/2020_award_01-768x403.jpg,62940,88ee6218644ac65a95b7ca72ca685afba4ada6d9d122fc60c035ea8759931ac6,image/jpeg
site/isscpi.com/wp-content/uploads/2025/12/2020_award_01-800x600__q_e9fd62f987b2.jpg,92318,9242d614f80f4150633c0cb7d0052a00e04c457bcd9a1a116a1c10e60e2afc64,image/jpeg
site/isscpi.com/wp-content/uploads/2025/12/2020_award_01-800x800__q_e9fd62f987b2.jpg,100218,5beb55b750db47ef06142714f8ab4cc8429fa4bf81532abfce21041aee743b9b,image/jpeg
site/isscpi.com/wp-content/uploads/2025/12/2020_award_01-900x1200__q_e9fd62f987b2.jpg,124029,bfb60ec1940dad0c4e74379149194bcc44fbd3282bdefcff71cdd777d315c0fb,image/jpeg
site/isscpi.com/wp-content/uploads/2025/12/2020_award_01.jpg,440270,7e82d71f8bbf09e4ffc5f43fcd9c1ab13971ba145c10e0c8a943dbcccadd25eb,image/jpeg
site/isscpi.com/wp-content/uploads/2025/12/2025_award_02-100x100__q_e9fd62f987b2.jpg,4489,63610694cead8dfdb33e23f40defe5f21913aead7d77229506df452d27c89094,image/jpeg
site/isscpi.com/wp-content/uploads/2025/12/2025_award_02-1024x553.jpg,122617,26dfcfb52c15bd8c6331d6d8f339127cd477b105357151b1f320743cd9217882,image/jpeg
site/isscpi.com/wp-content/uploads/2025/12/2025_award_02-1148x600__q_e9fd62f987b2.jpg,143066,bcca4f10fb64d6f07cfa56de13635097eaca9c70c6ee16fe685e04564ab4b27e,image/jpeg
site/isscpi.com/wp-content/uploads/2025/12/2025_award_02-1200x1200__q_e9fd62f987b2.jpg,224274,f66476e678100e4d1e7d0ca46a5eccdd1bd0d4b4ed87ef2d36a97cbb1d4a5993,image/jpeg
site/isscpi.com/wp-content/uploads/2025/12/2025_award_02-1200x648.jpg,151310,14b30d24bc66e827c41e38d8e780e7337627882bec92db4f22148b533caaa92a,image/jpeg
site/isscpi.com/wp-content/uploads/2025/12/2025_award_02-1200x900__q_e9fd62f987b2.jpg,206914,06ed60924b561fb4a0b17ca2ac735e9fc89523bb63ca0a0ec83957f5e3197714,image/jpeg
site/isscpi.com/wp-content/uploads/2025/12/2025_award_02-1320x713.jpg,174721,6786acc281b704e120ca4341eb5fa767277fc4794c637ec1e27c2b124bfa2a84,image/jpeg
site/isscpi.com/wp-content/uploads/2025/12/2025_award_02-150x150__q_e9fd62f987b2.jpg,8358,3d4e7f767b336f4741ee464b173e61a28f4cba7a0bd1c1701a8ccf1beed560e5,image/jpeg
site/isscpi.com/wp-content/uploads/2025/12/2025_award_02-150x200__q_e9fd62f987b2.jpg,11781,0a250d3bed82c0e3eed36b57c9bb2d92881832c41ccde0487b86468c558d86d9,image/jpeg
site/isscpi.com/wp-content/uploads/2025/12/2025_award_02-1536x829.jpg,214420,3af09af8e2e0bca5374312d7f12582f852c458d132173d4cc744da1277410a9d,image/jpeg
site/isscpi.com/wp-content/uploads/2025/12/2025_award_02-200x150__q_e9fd62f987b2.jpg,11228,84125d83cfdfd925b042d5550898476af7d9f26374180c35bb2f0196c9e8cb34,image/jpeg
site/isscpi.com/wp-content/uploads/2025/12/2025_award_02-200x200__q_e9fd62f987b2.jpg,15008,4020efddad84499a7753156a656c70c0095e3e3b2b47eda5716efddfb778b5f5,image/jpeg
site/isscpi.com/wp-content/uploads/2025/12/2025_award_02-2048x1106.jpg,319544,2ad5298439fd75b3cd3011fb66d0e367d6b9b1075fb8e0ec5e8bbc00b1261668,image/jpeg
site/isscpi.com/wp-content/uploads/2025/12/2025_award_02-300x162.jpg,16250,2c3dcdc7513ec9b334b8a3e6d0b836cfdef875cd8ec86b597e3bc4cd83b791df,image/jpeg
site/isscpi.com/wp-content/uploads/2025/12/2025_award_02-300x300__q_e9fd62f987b2.jpg,29705,52da3438476ac11d6a87de7aa71b3df86af5ccf8f188e0095e993dfd74e20bf9,image/jpeg
site/isscpi.com/wp-content/uploads/2025/12/2025_award_02-300x400__q_e9fd62f987b2.jpg,38186,91b8c773cfc9c0804b3ebeb430d6a7b3489c53e8a4cc3bf2363329bff21900ac,image/jpeg
site/isscpi.com/wp-content/uploads/2025/12/2025_award_02-400x300__q_e9fd62f987b2.jpg,39815,25f22c547917cd5bf4d2ad06b21d0f92465e5e9ef7201943a8166c33488f9087,image/jpeg
site/isscpi.com/wp-content/uploads/2025/12/2025_award_02-400x400__q_e9fd62f987b2.jpg,48788,f2861c090982ca090c73c41ff014e93553d05497de6c4e9155a12efa0740f1c1,image/jpeg
site/isscpi.com/wp-content/uploads/2025/12/2025_award_02-450x600__q_e9fd62f987b2.jpg,67786,85038a8fe2ddaf4a471f610d40438c036c87ef2ecc3d8bf4b88c4d455c779827,image/jpeg
site/isscpi.com/wp-content/uploads/2025/12/2025_award_02-600x324.jpg,54649,0667ffc4417ed7e8bbf1c3308cc5c226614709fec96369953c553e77517595fb,image/jpeg
site/isscpi.com/wp-content/uploads/2025/12/2025_award_02-600x450__q_e9fd62f987b2.jpg,78013,5c229c6be7387e2cbd5075e63dc33e3b44473214d2166225e57afa94b3e6f42c,image/jpeg
site/isscpi.com/wp-content/uploads/2025/12/2025_award_02-600x600__q_e9fd62f987b2.jpg,86172,2d343a3f8e7d30320657cf7206f941d079f7742142bb0a28b1ed62e27ec58b85,image/jpeg
site/isscpi.com/wp-content/uploads/2025/12/2025_award_02-600x800__q_e9fd62f987b2.jpg,103577,00df4c61ae44225da610d76fcd44f296be7488e5baf663c223d70a7d42eaacd6,image/jpeg
site/isscpi.com/wp-content/uploads/2025/12/2025_award_02-768x415.jpg,81925,28c9293f3e2e851a5a01bb269eee5dad4e9410cc27aacca19a3b508e7d8cd6fb,image/jpeg
site/isscpi.com/wp-content/uploads/2025/12/2025_award_02-800x600__q_e9fd62f987b2.jpg,116557,b6a8e1e0a85b99d85a889b995ef80d57e882030afcbe23c6be45b35875dc45fc,image/jpeg
site/isscpi.com/wp-content/uploads/2025/12/2025_award_02-800x800__q_e9fd62f987b2.jpg,131157,f5cdfd8c13567c161b13be57f3fe5d9562b7ccf8417917dabf8b9142973d2573,image/jpeg
site/isscpi.com/wp-content/uploads/2025/12/2025_award_02-900x1200__q_e9fd62f987b2.jpg,177314,68af10fc6a5b1c0183e307625642d74e44aec3db049cd676cd1050777b2c77a4,image/jpeg
site/isscpi.com/wp-content/uploads/2025/12/2025_award_02.jpg,574786,f6b6d275195381908380c9d3010596cf55afba4514366625e37c3dfdba337db1,image/jpeg
site/isscpi.com/wp-content/uploads/2025/12/2025_award_03-100x100__q_e9fd62f987b2.jpg,4246,b1f2500037dfc9047bb08b14d32224efe59c7fbfaee36b541169eb90d4f75b3f,image/jpeg
site/isscpi.com/wp-content/uploads/2025/12/2025_award_03-1024x537.jpg,106644,79b9cf4e504bc1708f822a16f7bc2c8919fdc93f56d84a1b33a4eb528c281016,image/jpeg
site/isscpi.com/wp-content/uploads/2025/12/2025_award_03-1148x600__q_e9fd62f987b2.jpg,128422,7d6a88754b6d4f2338a28dfa69db69755c361dfd9920ca9b979b9517c6267262,image/jpeg
site/isscpi.com/wp-content/uploads/2025/12/2025_award_03-1200x1200__q_e9fd62f987b2.jpg,192034,397e3e523e85205fb39b42573a8f6496b133ae556278b186cac28423e32d1716,image/jpeg
site/isscpi.com/wp-content/uploads/2025/12/2025_award_03-1200x630.jpg,137708,2c0c377c5932db6f90b01c6ae20d9ad0cb37ca271cbaf20e65f88908a97a0188,image/jpeg
site/isscpi.com/wp-content/uploads/2025/12/2025_award_03-1200x900__q_e9fd62f987b2.jpg,184342,3cc7ad5f6fc1023b8f1163604a092e035653594eb41f5077c9a9bb6f5abf05c7,image/jpeg
site/isscpi.com/wp-content/uploads/2025/12/2025_award_03-1320x692.jpg,155372,34d94fdc98cb4e01557bcac8b1a0e202a6820f09c3c4f3e3f66c7724243f83f6,image/jpeg
site/isscpi.com/wp-content/uploads/2025/12/2025_award_03-150x150__q_e9fd62f987b2.jpg,8618,630a63412e17c76b691fd3a571478ccac9179dab2599026941a202a7a2ce08de,image/jpeg
site/isscpi.com/wp-content/uploads/2025/12/2025_award_03-150x200__q_e9fd62f987b2.jpg,10447,ad0bd5e91a5272252ce1010cfffeb7ba4e4c57f5825440596e67135e9810fa7a,image/jpeg
site/isscpi.com/wp-content/uploads/2025/12/2025_award_03-1536x806.jpg,190324,764346890929d1399e8106ac842cb64ea30adf13ee81d06e9ce65b3e34c4f8c1,image/jpeg
site/isscpi.com/wp-content/uploads/2025/12/2025_award_03-200x150__q_e9fd62f987b2.jpg,11471,e884165b970ba070fb6059b78463b5801677baf13274e9e0648bef4ce2fd0073,image/jpeg
site/isscpi.com/wp-content/uploads/2025/12/2025_award_03-200x200__q_e9fd62f987b2.jpg,13675,9b8a1ca9cfa7db02ba9655a828a1a216cad5052e48ef2ab35a9755cde4d542d9,image/jpeg
site/isscpi.com/wp-content/uploads/2025/12/2025_award_03-2048x1074.jpg,285260,dfe57bcb080814e675ba95939f7cdca81da5bf818c78d976b1d44a00de28d63b,image/jpeg
site/isscpi.com/wp-content/uploads/2025/12/2025_award_03-300x157.jpg,14884,5729f480ea0f49f86c37519135463a9ff786526bd68b7ca932eed98d65eeb731,image/jpeg
site/isscpi.com/wp-content/uploads/2025/12/2025_award_03-300x300__q_e9fd62f987b2.jpg,27235,871919fdeb9ed6e529677a1d18f34d7462953d9c181b7888a5080b6d7ae5abb2,image/jpeg
site/isscpi.com/wp-content/uploads/2025/12/2025_award_03-300x400__q_e9fd62f987b2.jpg,32210,b51a94140f8091558917340ca369db0629002de8b4f402a526d295873758df14,image/jpeg
site/isscpi.com/wp-content/uploads/2025/12/2025_award_03-400x300__q_e9fd62f987b2.jpg,37152,d2d3222fb4552764d980c543cc08f80736ffc3ac6a9d3756ea6b75c43e0e2890,image/jpeg
site/isscpi.com/wp-content/uploads/2025/12/2025_award_03-400x400__q_e9fd62f987b2.jpg,42496,8de771225c8b2c8b29639d586637855f9ea287d8eef6f2f45b024d6ddfc80269,image/jpeg
site/isscpi.com/wp-content/uploads/2025/12/2025_award_03-450x600__q_e9fd62f987b2.jpg,56472,846fefb5a887a21d3dc61e9bba85687360188b2f7f24707b013e231b0eddf9c8,image/jpeg
site/isscpi.com/wp-content/uploads/2025/12/2025_award_03-600x315.jpg,48922,928fd5bbc4f02464784cfe3f1f367580457c0bb374e57b102be2057b35dff235,image/jpeg
site/isscpi.com/wp-content/uploads/2025/12/2025_award_03-600x450__q_e9fd62f987b2.jpg,70600,fca59dc80728a4789739aace7c24d94616e21b0dde11079a3d18d1b225853787,image/jpeg
site/isscpi.com/wp-content/uploads/2025/12/2025_award_03-600x600__q_e9fd62f987b2.jpg,75712,a9699c2a4efbad005fc43fffe2be83f7f02f3ac614ebbe0eb075c2280e59c50f,image/jpeg
site/isscpi.com/wp-content/uploads/2025/12/2025_award_03-600x800__q_e9fd62f987b2.jpg,84384,33871add6f3e5c5ff6d0d4403777b731dc3affcf5c561c0749c9a197fb0c1fbb,image/jpeg
site/isscpi.com/wp-content/uploads/2025/12/2025_award_03-768x403.jpg,72529,18a947e38cdd4564094a96d6d2abde5a8b7f2a248cd99d53fef5f731fc90097f,image/jpeg
site/isscpi.com/wp-content/uploads/2025/12/2025_award_03-800x600__q_e9fd62f987b2.jpg,104602,bebc3de2b4675844e84044b2c57979fb153168da4e27b1ca43d08bfce17c8558,image/jpeg
site/isscpi.com/wp-content/uploads/2025/12/2025_award_03-800x800__q_e9fd62f987b2.jpg,112209,273a42198007085b89de9ea467c1c8c99a4d3dc4c51e1cf6e39a49f93ac1aa68,image/jpeg
site/isscpi.com/wp-content/uploads/2025/12/2025_award_03-900x1200__q_e9fd62f987b2.jpg,143091,715441897615db1d37b2eb37e3a6a76539640e8964e146f26dc96bf99d438508,image/jpeg
site/isscpi.com/wp-content/uploads/2025/12/2025_award_03.jpg,505234,db058926e42e7678003eabfd87c1841b1033f63793c094ef06ae04743ce6c9e3,image/jpeg
site/isscpi.com/wp-content/uploads/2025/12/2025_award_04-100x100__q_e9fd62f987b2.jpg,4703,29d4b22f9f83a071492fa87532f184949f927012270f62ca51a30e4103232069,image/jpeg
site/isscpi.com/wp-content/uploads/2025/12/2025_award_04-1024x552.jpg,132720,1f19d69881da1aefc2b63dc83427881481e1f8379c714cb2e53cbf9c1af6c3fb,image/jpeg
site/isscpi.com/wp-content/uploads/2025/12/2025_award_04-1148x600__q_e9fd62f987b2.jpg,158296,899ce081cdceb1eb2c1148f3afb3bf03ae666119eb4c29f32fdd382ff57690e2,image/jpeg
site/isscpi.com/wp-content/uploads/2025/12/2025_award_04-1200x1200__q_e9fd62f987b2.jpg,249353,a539bcb5ca0ccf0aa1bf227f7aa5c574cb1079f83222a65049c7f8542b4f6c56,image/jpeg
site/isscpi.com/wp-content/uploads/2025/12/2025_award_04-1200x646.jpg,166630,8c0df911a2098a5bd97d36f3f03818a7cf95fccf87eb62caf7dd96ba2c57e9d5,image/jpeg
site/isscpi.com/wp-content/uploads/2025/12/2025_award_04-1200x900__q_e9fd62f987b2.jpg,224859,af8615356cad33b358a25ba55dbbfaab8747890c7b0922133cde3d3b334d8c63,image/jpeg
site/isscpi.com/wp-content/uploads/2025/12/2025_award_04-1320x711.jpg,193339,75766b3ea632529ad0a60083b5f221e31cdbb47912fe59fd442be45a265393a6,image/jpeg
site/isscpi.com/wp-content/uploads/2025/12/2025_award_04-150x150__q_e9fd62f987b2.jpg,9226,9d254dbbb53041b9d6a4afa09bf9b660d8782c1356202680fa3272646e985cce,image/jpeg
site/isscpi.com/wp-content/uploads/2025/12/2025_award_04-150x200__q_e9fd62f987b2.jpg,12605,7967233cfe0cbff66495fb91197eb4e37dff155d03956966d21e1b0cb4b7ac13,image/jpeg
site/isscpi.com/wp-content/uploads/2025/12/2025_award_04-1536x827.jpg,233162,788ff4e73671f2ef178e90ea5f9e046158ad955c88006bea3dbe07658302c246,image/jpeg
site/isscpi.com/wp-content/uploads/2025/12/2025_award_04-200x150__q_e9fd62f987b2.jpg,11917,c394b0ba734d7e557e83c2fb06be8a2762025b5b92989a88a4518ff16c97c39e,image/jpeg
site/isscpi.com/wp-content/uploads/2025/12/2025_award_04-200x200__q_e9fd62f987b2.jpg,15987,2b2edd9261dba568bd2f1f83b6118738441e54e5dbdeb5402c7d1dbd4f6aca61,image/jpeg
site/isscpi.com/wp-content/uploads/2025/12/2025_award_04-2048x1103.jpg,351466,b8602afe1eeb1a920a2f46737f3bf94b6d1fdcb80b12feaa7172aba041425b85,image/jpeg
site/isscpi.com/wp-content/uploads/2025/12/2025_award_04-300x162.jpg,17291,a817cfe21f3eec6aa507d851d01deaa5187f32fe419bb98c59b174139490adc9,image/jpeg
site/isscpi.com/wp-content/uploads/2025/12/2025_award_04-300x300__q_e9fd62f987b2.jpg,33618,7e0476528e7d790c2f46dd76456475c1c977d9fcba93cac560b0b15acfd2b5ab,image/jpeg
site/isscpi.com/wp-content/uploads/2025/12/2025_award_04-300x400__q_e9fd62f987b2.jpg,42531,0f7af7f5aede9071ab682afe6e46581ddfd446c820b9fe2482eb0ebf8374ef2a,image/jpeg
site/isscpi.com/wp-content/uploads/2025/12/2025_award_04-400x300__q_e9fd62f987b2.jpg,43647,6598efa2ec6e0c35caaf4b9d72c75fc0f71a7701fefc4675476b849becacbb3b,image/jpeg
site/isscpi.com/wp-content/uploads/2025/12/2025_award_04-400x400__q_e9fd62f987b2.jpg,53963,8bf95a4095f51d436a6c5579406ad4990526a9ac41c5451ab34de85801484ac5,image/jpeg
site/isscpi.com/wp-content/uploads/2025/12/2025_award_04-450x600__q_e9fd62f987b2.jpg,75277,af781fa4c189d70678d73da2e1bf4e5cc279de97476f9c04bd91e67386437247,image/jpeg
site/isscpi.com/wp-content/uploads/2025/12/2025_award_04-600x323.jpg,58864,329be2e379ed9268acec28225ca85e3919ed0098a47e1abe9bcd6571bd885528,image/jpeg
site/isscpi.com/wp-content/uploads/2025/12/2025_award_04-600x450__q_e9fd62f987b2.jpg,83576,d9bd3d87cf614f67e91f5419c5238f43bbf02f781ad6ab17271c05c64a194975,image/jpeg
site/isscpi.com/wp-content/uploads/2025/12/2025_award_04-600x600__q_e9fd62f987b2.jpg,95453,f6dccb8c4bae383eecb5af9f5316fcac41eef544434d81a3146322e9043d9cc3,image/jpeg
site/isscpi.com/wp-content/uploads/2025/12/2025_award_04-600x800__q_e9fd62f987b2.jpg,113242,ac4babdb4bfff382657060ccb0623d25535b0f6d414dc056304083808103a3e9,image/jpeg
site/isscpi.com/wp-content/uploads/2025/12/2025_award_04-768x414.jpg,88687,7eff44326a8406b119eab3d18fb76f31759afe362d93000f3b75a77863695998,image/jpeg
site/isscpi.com/wp-content/uploads/2025/12/2025_award_04-800x600__q_e9fd62f987b2.jpg,126019,e1cfeb109da2c385c7a815b1a9cdbb4e3b9031e4e61b7afe501472b8070326fa,image/jpeg
site/isscpi.com/wp-content/uploads/2025/12/2025_award_04-800x800__q_e9fd62f987b2.jpg,144393,2e5251a4080df9de2303222a486f76ded423f27ba467cb3af7b6309fb237135b,image/jpeg
site/isscpi.com/wp-content/uploads/2025/12/2025_award_04-900x1200__q_e9fd62f987b2.jpg,194705,e0758c4b3a7591c1dc652885fa61d0af459ddc0ceee323003171ea6eba3829af,image/jpeg
site/isscpi.com/wp-content/uploads/2025/12/2025_award_04.jpg,621271,4d351d7911a1e04a59d530e19121ec2d85cf82bd82a7b4d4ce730a11147f014d,image/jpeg
site/isscpi.com/wp-content/uploads/2025/12/2025_award_05-100x100__q_e9fd62f987b2.jpg,4574,78e19f508cd18276f48506fa12a0caf8463129a8c533b4eb02a0463c73f74c33,image/jpeg
site/isscpi.com/wp-content/uploads/2025/12/2025_award_05-1024x537.jpg,113812,81700595c086f69632215b11f0ebb8211ace66a1aecb1a3a9f6390defa4d2073,image/jpeg
site/isscpi.com/wp-content/uploads/2025/12/2025_award_05-1148x600__q_e9fd62f987b2.jpg,135776,2ec0e9d243a5eb0594138b79519d1144664d4c0cef580122c27ecba7af4f7206,image/jpeg
site/isscpi.com/wp-content/uploads/2025/12/2025_award_05-1200x1200__q_e9fd62f987b2.jpg,211355,a52bac4a97b558fb5fdaeb33e5f744ff1d9881a343b2789392260c2c4b2f9fbb,image/jpeg
site/isscpi.com/wp-content/uploads/2025/12/2025_award_05-1200x630.jpg,142356,f5a0969873f232c873198f1e9156d01d87c129e1987b36ca0b596ae7ee3e693c,image/jpeg
site/isscpi.com/wp-content/uploads/2025/12/2025_award_05-1200x900__q_e9fd62f987b2.jpg,196172,03d1513c83afe9de9ed75b2b6a72e0e74237a9c32d9cc1a18bd86a458237b680,image/jpeg
site/isscpi.com/wp-content/uploads/2025/12/2025_award_05-1320x692.jpg,164350,d973e329026969c7e16a58a4e1d6ed62b546fe8d8a269f3f54aa738d4e3292bf,image/jpeg
site/isscpi.com/wp-content/uploads/2025/12/2025_award_05-150x150__q_e9fd62f987b2.jpg,8919,890ca8ba1de9ef32e9cc05edc46db54dbc66722d585ac760ee4726064c97e7ed,image/jpeg
site/isscpi.com/wp-content/uploads/2025/12/2025_award_05-150x200__q_e9fd62f987b2.jpg,11972,d4ffb76d138de4d7c899bded330fe90a0352f64d2d2ce4788e7a050305231f3a,image/jpeg
site/isscpi.com/wp-content/uploads/2025/12/2025_award_05-1536x806.jpg,202876,53c58be473a318002df9509baf3cfab9b91e269a113217dd64223f98af36342c,image/jpeg
site/isscpi.com/wp-content/uploads/2025/12/2025_award_05-200x150__q_e9fd62f987b2.jpg,11666,88e37a4bfd9e523352c86208380be6e3c11d725f32094da7affd9549e2ae6f88,image/jpeg
site/isscpi.com/wp-content/uploads/2025/12/2025_award_05-200x200__q_e9fd62f987b2.jpg,15017,39ea6fdaef70ee028b5df4ac904001d6a99ef87308b4dc870d3e301ea6b878eb,image/jpeg
site/isscpi.com/wp-content/uploads/2025/12/2025_award_05-2048x1074.jpg,297701,f81fe6d828a6f98464b594205dc5832e75dab77acf1b4c90cb919ad1a6559562,image/jpeg
site/isscpi.com/wp-content/uploads/2025/12/2025_award_05-300x157.jpg,15992,9eb2b39259234c15bae60b0d256e02ca75fc01191679f66af252f9c88341acb4,image/jpeg
site/isscpi.com/wp-content/uploads/2025/12/2025_award_05-300x300__q_e9fd62f987b2.jpg,29652,698170c2debae00824f5188e2b78e313fbe59006cafc858a1489584cb532e87b,image/jpeg
site/isscpi.com/wp-content/uploads/2025/12/2025_award_05-300x400__q_e9fd62f987b2.jpg,37153,bf422025b86f0cdb17b50cc76a229819afd199a5e3d4186aca12e62292540f78,image/jpeg
site/isscpi.com/wp-content/uploads/2025/12/2025_award_05-400x300__q_e9fd62f987b2.jpg,39363,cdb9395eaeefd71bb95a0ac3a42099da3bf70eb334b1f207fd297497a8a7a632,image/jpeg
site/isscpi.com/wp-content/uploads/2025/12/2025_award_05-400x400__q_e9fd62f987b2.jpg,46154,e1f224c0aaa47abb3f10b57ce377143a8559789f04377572dd311cc75ede90d8,image/jpeg
site/isscpi.com/wp-content/uploads/2025/12/2025_award_05-450x600__q_e9fd62f987b2.jpg,66206,1980d32587af169df34b16523b2ed5110300f25b20bc6645f7eb3842ca99485e,image/jpeg
site/isscpi.com/wp-content/uploads/2025/12/2025_award_05-600x315.jpg,51914,011594cedb962f45d0b1d5600763dfbbbd3039ae68b7d9c86f6ab8c3ceb27427,image/jpeg
site/isscpi.com/wp-content/uploads/2025/12/2025_award_05-600x450__q_e9fd62f987b2.jpg,74753,3fcf2b49695aa0f316812699733005fbf305dc17bf85cbf71100ad7bc78bdd6c,image/jpeg
site/isscpi.com/wp-content/uploads/2025/12/2025_award_05-600x600__q_e9fd62f987b2.jpg,84020,2cbe9ae07b58a64eebe8f2c2a75190be4eb6cc2535383f69bdfd3a584c57a58b,image/jpeg
site/isscpi.com/wp-content/uploads/2025/12/2025_award_05-600x800__q_e9fd62f987b2.jpg,97900,6ce0218e574a0fa3c50ea2d1502b715c01884d635cd3f4b6c4f7e42051e4e3aa,image/jpeg
site/isscpi.com/wp-content/uploads/2025/12/2025_award_05-768x403.jpg,76552,d4b1b16caf46d2de5a75dfc563be2396203449b766f49a24a94b4a075dfa1d2c,image/jpeg
site/isscpi.com/wp-content/uploads/2025/12/2025_award_05-800x600__q_e9fd62f987b2.jpg,111439,39384a404ff60d362ce1b0b8f22676bc934b2180ddd5b907f9fcc4294736a157,image/jpeg
site/isscpi.com/wp-content/uploads/2025/12/2025_award_05-800x800__q_e9fd62f987b2.jpg,122313,e48b91a91060c7e117ab0a9f4a8adcb63c19c243bd8aa4f355abe626be217e28,image/jpeg
site/isscpi.com/wp-content/uploads/2025/12/2025_award_05-900x1200__q_e9fd62f987b2.jpg,167741,2fbd48c94621505afab0c4124991ec94bc566c0fa47ce21a13ea6704c25c00db,image/jpeg
site/isscpi.com/wp-content/uploads/2025/12/2025_award_05.jpg,533337,77636dd8c561acd6294918bc9805fe44e8ad7252710bdfb42c42b0fb44de059b,image/jpeg
site/isscpi.com/wp-content/uploads/2025/12/2025_award_06-100x100__q_e9fd62f987b2.jpg,3962,d9c03125b11069180c2af636655bdfbedaa506f6f50367599478296180bd349b,image/jpeg
site/isscpi.com/wp-content/uploads/2025/12/2025_award_06-1024x548.jpg,109206,9252b8d4d519e836830c05cf51ff3ae881c03d005d0f568c17225bfbfe2a405a,image/jpeg
site/isscpi.com/wp-content/uploads/2025/12/2025_award_06-1148x600__q_e9fd62f987b2.jpg,126819,ad60ac53c896a616368eed4d7e144384d61601d6a3007740563d6ce9dab8280a,image/jpeg
site/isscpi.com/wp-content/uploads/2025/12/2025_award_06-1200x1200__q_e9fd62f987b2.jpg,191526,83f4ca740a897380a34eacfb68c9d65db8abe6876ca86fd4a089f3e0154ef39e,image/jpeg
site/isscpi.com/wp-content/uploads/2025/12/2025_award_06-1200x642.jpg,133538,e87dadba88e493c3700790d3503c455efbf1c05d8b3365e4d35667cecf89adc5,image/jpeg
site/isscpi.com/wp-content/uploads/2025/12/2025_award_06-1200x900__q_e9fd62f987b2.jpg,179246,92732699355e2b29db2121b62633fe9f30641571cda2fe930dc08f3b4b99eca1,image/jpeg
site/isscpi.com/wp-content/uploads/2025/12/2025_award_06-1320x706.jpg,155221,9228be84990ceb778fb6eeacb021b1a4df43ad46fbdd57458f7c331ef5cb6c38,image/jpeg
site/isscpi.com/wp-content/uploads/2025/12/2025_award_06-150x150__q_e9fd62f987b2.jpg,7433,8153d086af58e94b163d61e3fb6b1988f8da8c30e29c58bd017b2dda8891946c,image/jpeg
site/isscpi.com/wp-content/uploads/2025/12/2025_award_06-150x200__q_e9fd62f987b2.jpg,9790,4bcfb980e39fa235ee6bef7d108cd0efa7889fe80e22dfdc121c91ce74e5abf7,image/jpeg
site/isscpi.com/wp-content/uploads/2025/12/2025_award_06-1536x821.jpg,189703,260d4fcb82615cd9f1f3fdb2ae7a83cf407fda24dbaad316a0673bc647f50c28,image/jpeg
site/isscpi.com/wp-content/uploads/2025/12/2025_award_06-200x150__q_e9fd62f987b2.jpg,10085,5a74d2bc54ce0896bf0b9e8969036f1423f638cb6afb3e9da0f2f73d1864b9da,image/jpeg
site/isscpi.com/wp-content/uploads/2025/12/2025_award_06-200x200__q_e9fd62f987b2.jpg,12739,79987a8a237374eb608049f6310ceae6f9ef442522707adb9a5769a46d5cc62b,image/jpeg
site/isscpi.com/wp-content/uploads/2025/12/2025_award_06-2048x1095.jpg,283833,c15f170188eff6e431d152a921ca83fcf9d513af181d531341ac85288be37b1f,image/jpeg
site/isscpi.com/wp-content/uploads/2025/12/2025_award_06-300x160.jpg,14375,8a991a8044b26ed95f42c5d9c7d90bb818e5b12d9641e707c5e8eb742f535ee3,image/jpeg
site/isscpi.com/wp-content/uploads/2025/12/2025_award_06-300x300__q_e9fd62f987b2.jpg,25320,4db6dad8d419c3d17d711579c7411db915068958c2d09df0dd452b5a8781c0bf,image/jpeg
site/isscpi.com/wp-content/uploads/2025/12/2025_award_06-300x400__q_e9fd62f987b2.jpg,31296,55341a33ab87643d25ae6fb3608d13ac1d84a691eded1fb22f285c236a29e64d,image/jpeg
site/isscpi.com/wp-content/uploads/2025/12/2025_award_06-400x300__q_e9fd62f987b2.jpg,34680,53a0d7528855181c4ab725322b130d953a440ffac93a6d45b783cee3b028b5f5,image/jpeg
site/isscpi.com/wp-content/uploads/2025/12/2025_award_06-400x400__q_e9fd62f987b2.jpg,41270,59ea2b820d862882ed3fc29504eb7affcd01d6b259f1827c7f9c96706be32663,image/jpeg
site/isscpi.com/wp-content/uploads/2025/12/2025_award_06-450x600__q_e9fd62f987b2.jpg,55548,503c12131970c4d90fda5e51f64304ab6945117f274d12c44b0789bb508cd38c,image/jpeg
site/isscpi.com/wp-content/uploads/2025/12/2025_award_06-600x321.jpg,47590,8654e517a2bca8b32b8656932f185e8603f7a1e55613beb4fdbdeca7dfa36899,image/jpeg
site/isscpi.com/wp-content/uploads/2025/12/2025_award_06-600x450__q_e9fd62f987b2.jpg,66275,0a2eddab753e3607ff8a4f7a091a90991fe08727227ba53d0ff6fce9a9fa9b5c,image/jpeg
site/isscpi.com/wp-content/uploads/2025/12/2025_award_06-600x600__q_e9fd62f987b2.jpg,73554,f83ab2651020a099e8e3de0c21c82ddc0b2f975ead94f018bbbdb01c94fc9f89,image/jpeg
site/isscpi.com/wp-content/uploads/2025/12/2025_award_06-600x800__q_e9fd62f987b2.jpg,84383,dfd8dac48bdabc59b2ef9809a41ef7652cad1344dfaeea3fa44ba2acd24f5f23,image/jpeg
site/isscpi.com/wp-content/uploads/2025/12/2025_award_06-768x411.jpg,71051,6d568a3ca6fcb3fdec1ca2897ecf2b20a2707e7bd400c5f39f94eeaa16cec251,image/jpeg
site/isscpi.com/wp-content/uploads/2025/12/2025_award_06-800x600__q_e9fd62f987b2.jpg,100632,ea9cc65b066945ff6f7c553c40739f3d567de5a3292dc5893fd4e9bb5d030a68,image/jpeg
site/isscpi.com/wp-content/uploads/2025/12/2025_award_06-800x800__q_e9fd62f987b2.jpg,111816,c2b07113482970c079766bc52e6a13a17ef4d643119c323eaab39844f77d9b99,image/jpeg
site/isscpi.com/wp-content/uploads/2025/12/2025_award_06-900x1200__q_e9fd62f987b2.jpg,144441,7080705787991a5d0b9df6e29cc72e64a79f764d9712179a2f50894321ff50fe,image/jpeg
site/isscpi.com/wp-content/uploads/2025/12/2025_award_06.jpg,515051,2c2a5df0b17634fc29a92f24f398ef22a172bbeb2976a0359f5c1a8b19306fd1,image/jpeg
site/isscpi.com/wp-content/uploads/2025/12/2025_award_07-100x100__q_e9fd62f987b2.jpg,5118,670a10cb6f402c3f4f28effe3d6f702a48911e35e373242ad5f24d3556583619,image/jpeg
site/isscpi.com/wp-content/uploads/2025/12/2025_award_07-1024x537.jpg,130829,737f6572ec6120d655ff3f6acc11ac8c0e74355f991b6768caebfc76f905996e,image/jpeg
site/isscpi.com/wp-content/uploads/2025/12/2025_award_07-1148x600__q_e9fd62f987b2.jpg,156960,eba920ea2ed406da9c23beafcbef327bae61b342f7f3fdba699a321dcd92ea0e,image/jpeg
site/isscpi.com/wp-content/uploads/2025/12/2025_award_07-1200x1200__q_e9fd62f987b2.jpg,245572,590e9b06abd216f65f54bfcbdfbda4ce367ec827eb4261888dcbb013593698e9,image/jpeg
site/isscpi.com/wp-content/uploads/2025/12/2025_award_07-1200x630.jpg,166113,cafe85d0a1fb799e274996ab624dacdb771cb606d488f33a5c25cf53dbe36568,image/jpeg
site/isscpi.com/wp-content/uploads/2025/12/2025_award_07-1200x900__q_e9fd62f987b2.jpg,223825,a468fe183bae88badf6e443ea81923f3ab21e78fa1dd8b33ec31a74494cff710,image/jpeg
site/isscpi.com/wp-content/uploads/2025/12/2025_award_07-1320x692.jpg,193036,36155329f84d5264f2f0cb1db4362a2a656ba297edb09ec5ba3a2f6b88e88ae0,image/jpeg
site/isscpi.com/wp-content/uploads/2025/12/2025_award_07-150x150__q_e9fd62f987b2.jpg,10001,31c543bfd2abe0d49291afdc7ad273792f99818db6cb1108f56fad58cafc1eec,image/jpeg
site/isscpi.com/wp-content/uploads/2025/12/2025_award_07-150x200__q_e9fd62f987b2.jpg,12343,909b7e1f7715e07ce314f9b9e457e862e246d3ad82106aa38aafe1a60e67d6ac,image/jpeg
site/isscpi.com/wp-content/uploads/2025/12/2025_award_07-1536x806.jpg,236333,861a56a6abf868655a6e57e6622165c8d0dd306986ecbc143937de6078ce1556,image/jpeg
site/isscpi.com/wp-content/uploads/2025/12/2025_award_07-200x150__q_e9fd62f987b2.jpg,12930,52c8115119414fae5d8578e046e3751f454fa1fba360eedbd57946412273fbbb,image/jpeg
site/isscpi.com/wp-content/uploads/2025/12/2025_award_07-200x200__q_e9fd62f987b2.jpg,16320,a34e85e77d0d7e7d41af9e7bd3098167f3ce53b667a1e0ce3f1ce14647fba7e6,image/jpeg
site/isscpi.com/wp-content/uploads/2025/12/2025_award_07-2048x1074.jpg,360332,c21afcc10f2be48a4921e8b4cea304d03ee92669185e65a53fcfcfb285d2bce5,image/jpeg
site/isscpi.com/wp-content/uploads/2025/12/2025_award_07-300x157.jpg,17401,c37f3c071c9bf8c25937ab71d514ce8eb95479aaa80c11fc6ffe836fe1c44517,image/jpeg
site/isscpi.com/wp-content/uploads/2025/12/2025_award_07-300x300__q_e9fd62f987b2.jpg,32165,7cf42a62a40043fdc54c5b56ad8ba2f1ef89f931d2c2773ac68214a1a512b882,image/jpeg
site/isscpi.com/wp-content/uploads/2025/12/2025_award_07-300x400__q_e9fd62f987b2.jpg,36979,216f31464a2b969f59ef1d69d421c633d1d0fb253172a647eed327bf204b8a51,image/jpeg
site/isscpi.com/wp-content/uploads/2025/12/2025_award_07-400x300__q_e9fd62f987b2.jpg,42767,499d6cc4b78f590b5f5710653ae8ee2d83929d5c7e61dff751108289b2b39ff3,image/jpeg
site/isscpi.com/wp-content/uploads/2025/12/2025_award_07-400x400__q_e9fd62f987b2.jpg,50244,4a1cd8a57e8741f2a3198c3321e6a91875d95cd3f1cc04382a0a3580c6aa6994,image/jpeg
site/isscpi.com/wp-content/uploads/2025/12/2025_award_07-450x600__q_e9fd62f987b2.jpg,68706,bd9760da090f79c3826a5481719e96c020c39bd5a5735eecc2330bb7fb96bd11,image/jpeg
site/isscpi.com/wp-content/uploads/2025/12/2025_award_07-600x315.jpg,57111,7ef07290d14e77b39334583e4dcc28147dfa973d80c7a021be6effc1956f9182,image/jpeg
site/isscpi.com/wp-content/uploads/2025/12/2025_award_07-600x450__q_e9fd62f987b2.jpg,82250,404a3752f92e090ce91454031b539772db6d5bd04d6ccad8eab1deacc4e4542d,image/jpeg
site/isscpi.com/wp-content/uploads/2025/12/2025_award_07-600x600__q_e9fd62f987b2.jpg,93082,f175ad572dd1a9452941af6bf6c84204f2a2f0ca56688b4171f03d0ee43250a6,image/jpeg
site/isscpi.com/wp-content/uploads/2025/12/2025_award_07-600x800__q_e9fd62f987b2.jpg,100378,129a3ca115f62d653ade896fa2e85d930169f41aac17ab2c5772954778fed482,image/jpeg
site/isscpi.com/wp-content/uploads/2025/12/2025_award_07-768x403.jpg,84039,ee524e0c42634bbfbabc88d2e1ce4adbb31558d25b436199f1ec630e81dd7608,image/jpeg
site/isscpi.com/wp-content/uploads/2025/12/2025_award_07-800x600__q_e9fd62f987b2.jpg,125235,f87ac1de5e21deca85748ef9f7b0361b68b29e51659847a5bb8949c1bf6eb1be,image/jpeg
site/isscpi.com/wp-content/uploads/2025/12/2025_award_07-800x800__q_e9fd62f987b2.jpg,138742,f03d81907e7eaf4c4d54e9f7a6c43103a45c6d28fe8620fbbffc991b19ca9789,image/jpeg
site/isscpi.com/wp-content/uploads/2025/12/2025_award_07-900x1200__q_e9fd62f987b2.jpg,177519,e6eab729d82dab3a39da7367574cfac99ed565257d7cf74c48a72369479370dc,image/jpeg
site/isscpi.com/wp-content/uploads/2025/12/2025_award_07.jpg,633582,e44590636a56ce5128b8e5ed896d38171fcfd4fd417c447bfbd71748e93e9c94,image/jpeg
site/isscpi.com/wp-content/uploads/2025/12/2025_award_08-100x100__q_e9fd62f987b2.jpg,3382,b77c3c7b5a4d9f9ab8dc0048bcb6a584dd37f49e828d7e09e8640e3784476a82,image/jpeg
site/isscpi.com/wp-content/uploads/2025/12/2025_award_08-1024x380.jpg,51202,5f7c5a5edabb4bca1a5c6f179fa27a227078de6697cfcbbf539764f6b6ca0663,image/jpeg
site/isscpi.com/wp-content/uploads/2025/12/2025_award_08-1148x600__q_e9fd62f987b2.jpg,85651,fd418bf848b0d5ef1a61a00814bb3568b981d02b983f1b0b38f9f764a915769b,image/jpeg
site/isscpi.com/wp-content/uploads/2025/12/2025_award_08-1200x446.jpg,62066,159b2e9cbd93e930828c7efbbd1cbff5f5a163b52441085c58ee4f2528f08bd0,image/jpeg
site/isscpi.com/wp-content/uploads/2025/12/2025_award_08-1200x900__q_e9fd62f987b2.jpg,105028,80fa8b81397bc27b6d39901d571163b404afe10b9005dacb076547b0b430da3b,image/jpeg
site/isscpi.com/wp-content/uploads/2025/12/2025_award_08-1200x951.jpg,62066,159b2e9cbd93e930828c7efbbd1cbff5f5a163b52441085c58ee4f2528f08bd0,image/jpeg
site/isscpi.com/wp-content/uploads/2025/12/2025_award_08-1320x490.jpg,72467,911fc823c1990917c7ad69a8e54173148fbb31c1167d61566337ed9cc89dd90a,image/jpeg
site/isscpi.com/wp-content/uploads/2025/12/2025_award_08-150x150__q_e9fd62f987b2.jpg,6412,eb3d5c5654ce437084e788913ae1565aa9d0e46d414eef680eb23d0a834005b9,image/jpeg
site/isscpi.com/wp-content/uploads/2025/12/2025_award_08-150x200__q_e9fd62f987b2.jpg,8301,4e7a63c1da17395793e5456bd7fbc94e2531d9b1b9ee9d338dd91b8be3abf0fb,image/jpeg
site/isscpi.com/wp-content/uploads/2025/12/2025_award_08-1536x571.jpg,92098,84e83b524ca28467fb5965958fccf378fe26b3cedf72fea9ba91fa4f29535959,image/jpeg
site/isscpi.com/wp-content/uploads/2025/12/2025_award_08-200x150__q_e9fd62f987b2.jpg,8193,ebbcfaf4f8c0464b659a5e70aadef1ebb17b17d41c39fba4ffb647c98bfe4408,image/jpeg
site/isscpi.com/wp-content/uploads/2025/12/2025_award_08-200x200__q_e9fd62f987b2.jpg,10298,367f7ca4c671161d20611db80aaea253b35a19d91fe7eb5c6587ca27223b7c5b,image/jpeg
site/isscpi.com/wp-content/uploads/2025/12/2025_award_08-2048x761.jpg,132287,ce49f52714e2373bfd19272c10e58b0f34034335f313c6dd4e1918c0d0ae52f0,image/jpeg
site/isscpi.com/wp-content/uploads/2025/12/2025_award_08-300x111.jpg,8308,1aa57d20f1a850ac30087c12e88fac026c57a069b06d370e05e92a9fe8730756,image/jpeg
site/isscpi.com/wp-content/uploads/2025/12/2025_award_08-300x300__q_e9fd62f987b2.jpg,18521,efc18d040331219c549d2b75dd9a252e67c5faf8b5f5bdcdef8185710d48d001,image/jpeg
site/isscpi.com/wp-content/uploads/2025/12/2025_award_08-300x400__q_e9fd62f987b2.jpg,22723,b954fe3985fc21f6c8e3d9070133a7d1c5dae71ba196c6b94cd22f08fc8d1b6b,image/jpeg
site/isscpi.com/wp-content/uploads/2025/12/2025_award_08-400x300__q_e9fd62f987b2.jpg,24043,34db3c2e8a21205b93a9a824e37b460289f1dc6334e68e99ca08170ac837105b,image/jpeg
site/isscpi.com/wp-content/uploads/2025/12/2025_award_08-400x400__q_e9fd62f987b2.jpg,28241,d05bf7b71fd5d80dd4ef217e844e984d864527634fa239184e2fbf86b0597123,image/jpeg
site/isscpi.com/wp-content/uploads/2025/12/2025_award_08-450x600__q_e9fd62f987b2.jpg,37768,8fb6f23649caecec7c83e29a11ecd75be503a0a8010f661451ac7ff41369640d,image/jpeg
site/isscpi.com/wp-content/uploads/2025/12/2025_award_08-600x223.jpg,22200,d7bc548806695533682f0b01fbbeb3c92144f3dc010386f34e6272193534bd5d,image/jpeg
site/isscpi.com/wp-content/uploads/2025/12/2025_award_08-600x450__q_e9fd62f987b2.jpg,41269,bf47acb126cbfb568dc07e559184b626919ab42fd421dcfa54b6e1044b6730dd,image/jpeg
site/isscpi.com/wp-content/uploads/2025/12/2025_award_08-600x600__q_e9fd62f987b2.jpg,47793,04cec01442835fdc6885117e686466bdd2ed6d969751c77b209f8dd228c2a069,image/jpeg
site/isscpi.com/wp-content/uploads/2025/12/2025_award_08-600x800__q_e9fd62f987b2.jpg,54067,76ae0588a77e5790b18e9383ab85203c01b6326fb6433c1e7f822744a70a390d,image/jpeg
site/isscpi.com/wp-content/uploads/2025/12/2025_award_08-768x285.jpg,34375,74347dbe9ce0568b8940a962ba14235266f69e9f6664ab4cf428d53edd496c6e,image/jpeg
site/isscpi.com/wp-content/uploads/2025/12/2025_award_08-800x600__q_e9fd62f987b2.jpg,61749,92a97fe5f14e2d145098b0c47b25800fe1b57ae42703ed0355919a60973205e7,image/jpeg
site/isscpi.com/wp-content/uploads/2025/12/2025_award_08-800x800__q_e9fd62f987b2.jpg,68429,8b97abd6a7213d0e1d3ad92320a5d1b671b57efa90bd5a9d076b3a47f2b2ed8f,image/jpeg
site/isscpi.com/wp-content/uploads/2025/12/2025_award_08-900x951.jpg,42560,4655bd465f21de4682959cfa67057513d752b82ae3730a2517abf3d43cc9897f,image/jpeg
site/isscpi.com/wp-content/uploads/2025/12/2025_award_08.jpg,249435,36c7a5029798d03ca4af8d1855571ede69f33e59e44ee636c410c073f8626aca,image/jpeg
site/isscpi.com/wp-content/uploads/2026/03/image-1-100x100__q_e9fd62f987b2.jpeg,5072,89ba04743c6abc51d8cc9d248f8ddd9df9ead18dccc5da5b410b1d16a1e1fb3f,image/jpeg
site/isscpi.com/wp-content/uploads/2026/03/image-1-100x100__q_e9fd62f987b2.png,3420,55829161f000b9323509dfed9a574e0dbd1c4230c36fa48573ef15dcef19ae87,image/png
site/isscpi.com/wp-content/uploads/2026/03/image-1-1024x682.jpeg,262677,ad8b1a44be69b440ac0cfc1cab6ab3da4048b7d59f23b95dbfc06be52c6040f9,image/jpeg
site/isscpi.com/wp-content/uploads/2026/03/image-1-1100x600.jpeg,207474,cead5e1dd6d4329ec806fa2235d281b4b23590f1d005f61dbc49fa62f3f062a7,image/jpeg
site/isscpi.com/wp-content/uploads/2026/03/image-1-150x150__q_e9fd62f987b2.jpeg,9847,897a0e306a82ab240c52d799287b4c58c42722fb9da2156e4d15d3a961cc4b5e,image/jpeg
site/isscpi.com/wp-content/uploads/2026/03/image-1-150x150__q_e9fd62f987b2.png,5479,2a59a18be5047fb8a872b8973445ab99ff3623d1e904b6a15cc20b58d69511ab,image/png
site/isscpi.com/wp-content/uploads/2026/03/image-1-150x156.png,3337,39640cb6a68a2e8402839316fd974d4dcd9cee0996baf968e36defab87d74c34,image/png
site/isscpi.com/wp-content/uploads/2026/03/image-1-150x200__q_e9fd62f987b2.jpeg,12053,15ab5a6939de4e4af3723cf9d8e1aa0173f64dd7901debcda567fbf95cef17c8,image/jpeg
site/isscpi.com/wp-content/uploads/2026/03/image-1-200x150__q_e9fd62f987b2.jpeg,13137,af432765feeb497fa8b78e82d37658b7f6ade1e3ab100e5da34b8a8aaf361304,image/jpeg
site/isscpi.com/wp-content/uploads/2026/03/image-1-200x150__q_e9fd62f987b2.png,6838,aef974928a8dce2a75930d92e67cff2c477f846b1b2356aff75b5ce8c9847aeb,image/png
site/isscpi.com/wp-content/uploads/2026/03/image-1-200x156.png,4579,b122be5dd199c18971da87367bbe6fbaba1f759db669861ab89d5cf3fda8091c,image/png
site/isscpi.com/wp-content/uploads/2026/03/image-1-200x200__q_e9fd62f987b2.jpeg,16174,919ffd255e62505e806234e10afc668ed27ffc6b241892e7efba9f890a5785d0,image/jpeg
site/isscpi.com/wp-content/uploads/2026/03/image-1-300x131.png,7555,3bd831fb55276cd18550b4165a84d7b7bdb3ab0d28a5031b46a0508507c86c32,image/png
site/isscpi.com/wp-content/uploads/2026/03/image-1-300x156.png,7555,3bd831fb55276cd18550b4165a84d7b7bdb3ab0d28a5031b46a0508507c86c32,image/png
site/isscpi.com/wp-content/uploads/2026/03/image-1-300x200.jpeg,25172,d560e3eeb53b374d28a3b75e8af4c6bfac34127f9b287cc6c2fb4c701c5cb960,image/jpeg
site/isscpi.com/wp-content/uploads/2026/03/image-1-300x300__q_e9fd62f987b2.jpeg,34779,f6e25e8a327ea048ea975163b130e16a974f34506e0a8e9a31e7d54adbb64f14,image/jpeg
site/isscpi.com/wp-content/uploads/2026/03/image-1-300x400__q_e9fd62f987b2.jpeg,41580,6a66ab0df65dd8f302a17ad2f5bec5aded225f56529b68b77a7597c834b39d92,image/jpeg
site/isscpi.com/wp-content/uploads/2026/03/image-1-400x300__q_e9fd62f987b2.jpeg,47968,46566fb1e223136dced34a895e4f242cf72aca51786b90b65c77669343a11d1b,image/jpeg
site/isscpi.com/wp-content/uploads/2026/03/image-1-400x400__q_e9fd62f987b2.jpeg,58314,fba268910e5be818060d9cb807419ecea08fdc8244d1840a40677300f25f6ee8,image/jpeg
site/isscpi.com/wp-content/uploads/2026/03/image-1-450x600__q_e9fd62f987b2.jpeg,87593,e8303bc5c91c2c9bf36242465f9acc9210e2150e65ab7f9ec5d5850728266d9e,image/jpeg
site/isscpi.com/wp-content/uploads/2026/03/image-1-600x400.jpeg,94932,ba625cbaa94d3f53858f5edfe73970b4cca4c4067c762713d5693443f48aead4,image/jpeg
site/isscpi.com/wp-content/uploads/2026/03/image-1-600x450__q_e9fd62f987b2.jpeg,105139,aa6b3a2b35a552a414fe9905ff5cbb6f216dfedafb76f60810b10f32ffe40a36,image/jpeg
site/isscpi.com/wp-content/uploads/2026/03/image-1-600x600__q_e9fd62f987b2.jpeg,125775,bd5ba8f298030a1212b7ecce84da597cc8a19601935ebf0a83b0c321cff02095,image/jpeg
site/isscpi.com/wp-content/uploads/2026/03/image-1-600x733.jpeg,94932,ba625cbaa94d3f53858f5edfe73970b4cca4c4067c762713d5693443f48aead4,image/jpeg
site/isscpi.com/wp-content/uploads/2026/03/image-1-768x512.jpeg,152549,b92377c89023b29bbe812e889c1d62ef23323036b6a2dc6e3536091108a12d7e,image/jpeg
site/isscpi.com/wp-content/uploads/2026/03/image-1-800x600__q_e9fd62f987b2.jpeg,179555,ba953a4ca9de284cca6284ee9da4b845208313e45cf740b4833d48791a21df22,image/jpeg
site/isscpi.com/wp-content/uploads/2026/03/image-1-800x733.jpeg,164884,bf0e02dc03d846a5980b9d956e28353808d51731aa215149febccebfd74053ad,image/jpeg
site/isscpi.com/wp-content/uploads/2026/03/image-1-900x733.jpeg,207474,cead5e1dd6d4329ec806fa2235d281b4b23590f1d005f61dbc49fa62f3f062a7,image/jpeg
site/isscpi.com/wp-content/uploads/2026/03/image-1.jpeg,537158,172d05f7e6026d9a704db231e1055ade6f27cb7015e66b1f49f2957ea42ebfbe,image/jpeg
site/isscpi.com/wp-content/uploads/2026/03/image-1.png,21244,ce3d9edeff685cdef519e18099fc54b341f50389c7df2508c34aa87d425a6312,image/png
site/isscpi.com/wp-content/uploads/2026/03/image-100x100__q_e9fd62f987b2.jpeg,5072,89ba04743c6abc51d8cc9d248f8ddd9df9ead18dccc5da5b410b1d16a1e1fb3f,image/jpeg
site/isscpi.com/wp-content/uploads/2026/03/image-100x100__q_e9fd62f987b2.png,3588,4db4d7374e57341938a18e79dadbd5273456233e06ea5f077141d144c1d57ab8,image/png
site/isscpi.com/wp-content/uploads/2026/03/image-1024x682.jpeg,262677,ad8b1a44be69b440ac0cfc1cab6ab3da4048b7d59f23b95dbfc06be52c6040f9,image/jpeg
site/isscpi.com/wp-content/uploads/2026/03/image-1100x600.jpeg,207474,cead5e1dd6d4329ec806fa2235d281b4b23590f1d005f61dbc49fa62f3f062a7,image/jpeg
site/isscpi.com/wp-content/uploads/2026/03/image-150x150__q_e9fd62f987b2.jpeg,9847,897a0e306a82ab240c52d799287b4c58c42722fb9da2156e4d15d3a961cc4b5e,image/jpeg
site/isscpi.com/wp-content/uploads/2026/03/image-150x150__q_e9fd62f987b2.png,5298,b91e3e0dbd0b6e44952b568e73c0d29dc8f75fda1f7aa3ffd79e0edf921c0ec1,image/png
site/isscpi.com/wp-content/uploads/2026/03/image-150x200__q_e9fd62f987b2.jpeg,12053,15ab5a6939de4e4af3723cf9d8e1aa0173f64dd7901debcda567fbf95cef17c8,image/jpeg
site/isscpi.com/wp-content/uploads/2026/03/image-150x200__q_e9fd62f987b2.png,5687,0a054a51b45045fecb9c66f5140b336a817f3bdcc5d4f5ea568f8e45dd889088,image/png
site/isscpi.com/wp-content/uploads/2026/03/image-1__q_0a5640c03c32.jpeg,108342,d5c24ea1bc633fd4af97910eccc74b8bde288714ad3f427e64ed431abe7a832c,image/jpeg
site/isscpi.com/wp-content/uploads/2026/03/image-2-100x100__q_e9fd62f987b2.png,3420,55829161f000b9323509dfed9a574e0dbd1c4230c36fa48573ef15dcef19ae87,image/png
site/isscpi.com/wp-content/uploads/2026/03/image-2-150x150__q_e9fd62f987b2.png,5479,2a59a18be5047fb8a872b8973445ab99ff3623d1e904b6a15cc20b58d69511ab,image/png
site/isscpi.com/wp-content/uploads/2026/03/image-2-150x156.png,3337,39640cb6a68a2e8402839316fd974d4dcd9cee0996baf968e36defab87d74c34,image/png
site/isscpi.com/wp-content/uploads/2026/03/image-2-200x150__q_e9fd62f987b2.png,6838,aef974928a8dce2a75930d92e67cff2c477f846b1b2356aff75b5ce8c9847aeb,image/png
site/isscpi.com/wp-content/uploads/2026/03/image-2-200x156.png,4579,b122be5dd199c18971da87367bbe6fbaba1f759db669861ab89d5cf3fda8091c,image/png
site/isscpi.com/wp-content/uploads/2026/03/image-2-300x131.png,7555,3bd831fb55276cd18550b4165a84d7b7bdb3ab0d28a5031b46a0508507c86c32,image/png
site/isscpi.com/wp-content/uploads/2026/03/image-2-300x156.png,7555,3bd831fb55276cd18550b4165a84d7b7bdb3ab0d28a5031b46a0508507c86c32,image/png
site/isscpi.com/wp-content/uploads/2026/03/image-2.png,21244,ce3d9edeff685cdef519e18099fc54b341f50389c7df2508c34aa87d425a6312,image/png
site/isscpi.com/wp-content/uploads/2026/03/image-200x150__q_e9fd62f987b2.jpeg,13137,af432765feeb497fa8b78e82d37658b7f6ade1e3ab100e5da34b8a8aaf361304,image/jpeg
site/isscpi.com/wp-content/uploads/2026/03/image-200x150__q_e9fd62f987b2.png,6730,f6d58a77c96ae2e664783332a30379d487cc00b3d9357770f6f8aa63b53d8e5d,image/png
site/isscpi.com/wp-content/uploads/2026/03/image-200x200__q_e9fd62f987b2.jpeg,16174,919ffd255e62505e806234e10afc668ed27ffc6b241892e7efba9f890a5785d0,image/jpeg
site/isscpi.com/wp-content/uploads/2026/03/image-200x200__q_e9fd62f987b2.png,7122,f1b2a2f4e5115569fc653541ed1ac82cdc75697b317b4ab14417c0b976ab12aa,image/png
site/isscpi.com/wp-content/uploads/2026/03/image-2__q_436709f58e7b.png,3289,562d5f76897bfd364db74f5afbe6e085b138f6fe46c03bdb65961f3cdf114457,image/png
site/isscpi.com/wp-content/uploads/2026/03/image-3.png,4491,1b20223f6b7cff4c6bd672f0bcd3bdbf8cb8508469d960709fd912f11915614e,image/png
site/isscpi.com/wp-content/uploads/2026/03/image-300x143.png,9335,8c18f1866876ecc5804a91a8b48bf9fe3f04bbffc1292c77dad886b08b0cb6fa,image/png
site/isscpi.com/wp-content/uploads/2026/03/image-300x200.jpeg,25172,d560e3eeb53b374d28a3b75e8af4c6bfac34127f9b287cc6c2fb4c701c5cb960,image/jpeg
site/isscpi.com/wp-content/uploads/2026/03/image-300x300__q_e9fd62f987b2.jpeg,34779,f6e25e8a327ea048ea975163b130e16a974f34506e0a8e9a31e7d54adbb64f14,image/jpeg
site/isscpi.com/wp-content/uploads/2026/03/image-300x300__q_e9fd62f987b2.png,11255,bf74b8fb154fc26e72775d9d1bd14c92fcc18fad02f5e960965df6a4d21dd242,image/png
site/isscpi.com/wp-content/uploads/2026/03/image-300x325.png,9335,8c18f1866876ecc5804a91a8b48bf9fe3f04bbffc1292c77dad886b08b0cb6fa,image/png
site/isscpi.com/wp-content/uploads/2026/03/image-300x400__q_e9fd62f987b2.jpeg,41580,6a66ab0df65dd8f302a17ad2f5bec5aded225f56529b68b77a7597c834b39d92,image/jpeg
site/isscpi.com/wp-content/uploads/2026/03/image-4.png,8454,fa7fd031cb1ae11ffa71c60562aba4ff5d4f743bcf88c66002ae12287ecb3458,image/png
site/isscpi.com/wp-content/uploads/2026/03/image-400x300__q_e9fd62f987b2.jpeg,47968,46566fb1e223136dced34a895e4f242cf72aca51786b90b65c77669343a11d1b,image/jpeg
site/isscpi.com/wp-content/uploads/2026/03/image-400x300__q_e9fd62f987b2.png,14597,7b34c0d8b248ecccba26e092d1f08141d97284e4d918586a0b1c181dccc1289b,image/png
site/isscpi.com/wp-content/uploads/2026/03/image-400x325.png,12978,035d7269ea32648f21ea015d1f021fb377962437d79d93338b0360c89979ea59,image/png
site/isscpi.com/wp-content/uploads/2026/03/image-400x400__q_e9fd62f987b2.jpeg,58314,fba268910e5be818060d9cb807419ecea08fdc8244d1840a40677300f25f6ee8,image/jpeg
site/isscpi.com/wp-content/uploads/2026/03/image-450x325.png,14934,bd269d8f1416ae151cba59a4ab8fb60f3ea9f63f3163f8501594fe57f16f70c2,image/png
site/isscpi.com/wp-content/uploads/2026/03/image-450x600__q_e9fd62f987b2.jpeg,87593,e8303bc5c91c2c9bf36242465f9acc9210e2150e65ab7f9ec5d5850728266d9e,image/jpeg
site/isscpi.com/wp-content/uploads/2026/03/image-5.png,5675,12d0135ade4b3a2708f8ba0031815fd1f2d10e0e6905e59c649d5e3c92083861,image/png
site/isscpi.com/wp-content/uploads/2026/03/image-6-100x100__q_e9fd62f987b2.png,6766,bfdca1c3ade0246f1625f54f556f5e7d292ce504f78e16fd706fad139d5c0e01,image/png
site/isscpi.com/wp-content/uploads/2026/03/image-6.png,18673,080f703b5acd20dd0a3123cdba9173834b7c8852fd805c69c68603e00a2ecf92,image/png
site/isscpi.com/wp-content/uploads/2026/03/image-600x285.png,21110,36bbd68a145d57d07b4f0b4aba43104c2985e032ca7550d159e6ae3cc638ccc9,image/png
site/isscpi.com/wp-content/uploads/2026/03/image-600x325.png,21110,36bbd68a145d57d07b4f0b4aba43104c2985e032ca7550d159e6ae3cc638ccc9,image/png
site/isscpi.com/wp-content/uploads/2026/03/image-600x400.jpeg,94932,ba625cbaa94d3f53858f5edfe73970b4cca4c4067c762713d5693443f48aead4,image/jpeg
site/isscpi.com/wp-content/uploads/2026/03/image-600x450__q_e9fd62f987b2.jpeg,105139,aa6b3a2b35a552a414fe9905ff5cbb6f216dfedafb76f60810b10f32ffe40a36,image/jpeg
site/isscpi.com/wp-content/uploads/2026/03/image-600x600__q_e9fd62f987b2.jpeg,125775,bd5ba8f298030a1212b7ecce84da597cc8a19601935ebf0a83b0c321cff02095,image/jpeg
site/isscpi.com/wp-content/uploads/2026/03/image-600x733.jpeg,94932,ba625cbaa94d3f53858f5edfe73970b4cca4c4067c762713d5693443f48aead4,image/jpeg
site/isscpi.com/wp-content/uploads/2026/03/image-7-100x100__q_e9fd62f987b2.png,6136,24b4b64fcc34eda05a190e026a9de7e3304d711f0ee462eee56815f36e2750c1,image/png
site/isscpi.com/wp-content/uploads/2026/03/image-7.png,28097,129b5ecfbb84f2fd8611ccda5db9d5f3d5496fab5537fd38b0b041d66daba588,image/png
site/isscpi.com/wp-content/uploads/2026/03/image-768x512.jpeg,152549,b92377c89023b29bbe812e889c1d62ef23323036b6a2dc6e3536091108a12d7e,image/jpeg
site/isscpi.com/wp-content/uploads/2026/03/image-8-92x100.png,5451,6ee9c44da152386b2a775fda04017fee666f1373d4ca1c6c8562566da54173d0,image/png
site/isscpi.com/wp-content/uploads/2026/03/image-8.png,19657,a631a18ee00a79f4719972f13e1fd1df0ae8aa981df005a5b1c4613b3ca0a982,image/png
site/isscpi.com/wp-content/uploads/2026/03/image-800x600__q_e9fd62f987b2.jpeg,179555,ba953a4ca9de284cca6284ee9da4b845208313e45cf740b4833d48791a21df22,image/jpeg
site/isscpi.com/wp-content/uploads/2026/03/image-800x733.jpeg,164884,bf0e02dc03d846a5980b9d956e28353808d51731aa215149febccebfd74053ad,image/jpeg
site/isscpi.com/wp-content/uploads/2026/03/image-9-100x100__q_e9fd62f987b2.png,7790,083cf60accd5a2eaeb2d0ec17efb9f7ac60c92f5d0b8b45e9d11312a04ab6b3b,image/png
site/isscpi.com/wp-content/uploads/2026/03/image-9.png,27034,ed35e9c349e13999bf769f7da0116e20bd887aa34a2c28713c3c9034acff4cbe,image/png
site/isscpi.com/wp-content/uploads/2026/03/image-900x733.jpeg,207474,cead5e1dd6d4329ec806fa2235d281b4b23590f1d005f61dbc49fa62f3f062a7,image/jpeg
site/isscpi.com/wp-content/uploads/2026/03/image.jpeg,537158,172d05f7e6026d9a704db231e1055ade6f27cb7015e66b1f49f2957ea42ebfbe,image/jpeg
site/isscpi.com/wp-content/uploads/2026/03/image.png,25646,8ef6aa9ba7100e4bb4282664d47c8f3557fb312a0497ab5efd4e90fd3e4c2e83,image/png
site/isscpi.com/wp-content/uploads/woocommerce-placeholder-100x100__q_e9fd62f987b2.png,1657,fdaac0088746443eb15ce3fd297aa41b6abc52b3a48709776c7d60b04e9c8ffa,image/png
site/isscpi.com/wp-content/uploads/woocommerce-placeholder-1024x1024.png,55154,7618da58adb2d8c91a9265a4788e6b9f57344a8d8188584d2220c2f658d4d58b,image/png
site/isscpi.com/wp-content/uploads/woocommerce-placeholder-1148x600__q_e9fd62f987b2.png,66256,76f6c5c0bc73adbcb0b609efa5c65e719e158d1e6613b4f8b11e041c8b273bcc,image/png
site/isscpi.com/wp-content/uploads/woocommerce-placeholder-1200x900__q_e9fd62f987b2.png,74515,9262be91d9a7e96fa4ea637e4c0022c6c8f55881860b82d48b7fba0855257ba0,image/png
site/isscpi.com/wp-content/uploads/woocommerce-placeholder-150x150__q_e9fd62f987b2.png,2430,89abe44914d1bd5bec30bbbc0885092aa34d29e3b3ab25afc62f5ab0a9915ad9,image/png
site/isscpi.com/wp-content/uploads/woocommerce-placeholder-150x200__q_e9fd62f987b2.png,3727,d4eb030e48e7c9a80a3a12498f26eb83949e6ea82165c8e24d972e96d7e12d88,image/png
site/isscpi.com/wp-content/uploads/woocommerce-placeholder-200x150__q_e9fd62f987b2.png,3736,e27c62d0e2b81726159646e853590d5908e78eebaf0fc76f7ba99e4888f8e7eb,image/png
site/isscpi.com/wp-content/uploads/woocommerce-placeholder-200x200__q_e9fd62f987b2.png,3701,7eb9792a53dff2f5f2ba31372cddaa4a32890a2a2df484cac94434825dd8c1c5,image/png
site/isscpi.com/wp-content/uploads/woocommerce-placeholder-300x300__q_e9fd62f987b2.png,7036,799697eb3be2ad4f723c845bcf2c361507455817e33ce1687f1485330b4b7845,image/png
site/isscpi.com/wp-content/uploads/woocommerce-placeholder-300x400__q_e9fd62f987b2.png,10753,35937718ee8eae8b179cbea1ad06d63b3cfd64871871eea310e3c8ef7619f831,image/png
site/isscpi.com/wp-content/uploads/woocommerce-placeholder-400x300__q_e9fd62f987b2.png,10780,a13b507e3fd7dbdf6534d75ee4124b60aa30195196c5e0ee1c2eea74ea26a48b,image/png
site/isscpi.com/wp-content/uploads/woocommerce-placeholder-400x400__q_e9fd62f987b2.png,10883,20a68d4f8376415cc827766357ec5b28591dc9c82e7f52f107fda5b22f638c6d,image/png
site/isscpi.com/wp-content/uploads/woocommerce-placeholder-450x600__q_e9fd62f987b2.png,20821,65ede0c15531e24e98aad6e165842e77c35912de4e1f547b151b3d69cb1570e1,image/png
site/isscpi.com/wp-content/uploads/woocommerce-placeholder-600x450__q_e9fd62f987b2.png,21209,6bf55aead7169721f34d886b78868db75cc4075367e93cfd66ecfd4818544586,image/png
site/isscpi.com/wp-content/uploads/woocommerce-placeholder-600x600__q_e9fd62f987b2.png,21311,6773209697da1a29761d2e3fc3b9258f5deb70607fce0cdf88efe5c6c80326c4,image/png
site/isscpi.com/wp-content/uploads/woocommerce-placeholder-600x800__q_e9fd62f987b2.png,34479,a14dcae8ea0a8622fe59b55eaba00accda28c6a42ba827d190a8fde2865610de,image/png
site/isscpi.com/wp-content/uploads/woocommerce-placeholder-768x768.png,32647,e245238ee4b14b585e7960bd32e1ede231e58887b10e0770af28d9f403b4aa0b,image/png
site/isscpi.com/wp-content/uploads/woocommerce-placeholder-800x600__q_e9fd62f987b2.png,35085,3b552f655724d1f06d2325a6c791f98ab1dac032418316b0c7ee265f40129ef9,image/png
site/isscpi.com/wp-content/uploads/woocommerce-placeholder-800x800__q_e9fd62f987b2.png,35079,e904ccf550ccae1ce73b4d054c805e52e784398d830a943b110987bd972c76ef,image/png
site/isscpi.com/wp-content/uploads/woocommerce-placeholder-900x1200__q_e9fd62f987b2.png,72593,b862b00a9001fbf4f31720e9782c230e39999ea8f42e35a93f6d2e4a4daad3f2,image/png
site/isscpi.com/wp-content/uploads/woocommerce-placeholder.png,102644,b207bfc50434ff10f4d5f2b9b0c3d7892c06ff72083026e3356dd7b6c3a04b45,image/png
site/isscpi.com/wp-includes/js/comment-reply.min__q_dbafa34564d3.js,3026,9d4687a19cab8f7442a3bda40c45be4d10e42488e091ddd706c3caed83c3ee1f,text/javascript
site/isscpi.com/wp-includes/js/dist/vendor/wp-polyfill.min__q_8f4f6baa49d9.js,33744,9a213bc9f56e363cd2ac88b8e751dac1acf8039d6ffd542535f849cb2b2f971c,text/javascript
site/isscpi.com/wp-includes/js/jquery/jquery-migrate.min__q_addaffdcd1e3.js,13577,5274f11e6fb32ae0cf2dfb9f8043272865c397a7c4223b4cfa7d50ea52fbde89,text/javascript
site/isscpi.com/wp-includes/js/jquery/jquery.min__q_c8a53ae4decf.js,87553,cb6f2d32c49d1c2b25e9ffc9aaafa3f83075346c01bcd4ae6eb187392a4292cf,text/javascript
site/isscpi.com/wp-includes/js/jquery/ui/core.min__q_5af57572b6a1.js,21464,699210a5ed06e497b4730ec83bb65ac4c2269ae4a0ee8af3f24aae7ee5b66b76,text/javascript
site/isscpi.com/wp-includes/js/jquery/ui/datepicker.min__q_7fcce33fae0e.js,36748,2efe1ab1416a823fc89a7ce3001fa02d6038db18a9b730f16d1a8158e9bddf3f,text/javascript
site/isscpi.com/wp-includes/js/underscore.min__q_138a1e2888d7.js,19012,61ccb2ff314af4b300014f1715b9e9b29f6aede9f25151e00722d5a4455c0ff2,text/javascript
site/isscpi.com/wp-includes/js/wp-emoji-loader.min.js,2890,eb14c6387dfeedb3e8802eb27c8095e3f179aa8bdcf62486d948d8baedf37676,text/javascript
site/isscpi.com/wp-includes/js/wp-emoji-release.min__q_dbafa34564d3.js,22762,fd59b0ebf6282ed71647bf2f6e0d1925bbfd1f270865a832079ebb60259aabca,text/javascript
site/isscpi.com/wp-includes/js/wp-util.min__q_13e0ca62a477.js,1431,900f2dd9f6b66295a51f90c15a9271145b7964d8032725b4647ac44b409ceffa,text/javascript
site/isscpi.com/xmlrpc__q_0a7b9774c4bb.php,774,78cf321a7e30a779ce665cb3295e46d9f91627d1739689b3e37dd737802e131c,application/octet-stream
site/www.isscpi.com/index.html,206748,d82cfd373919e8fa56d1cca73cfa76a8667d763eb56dc1051bef5f2f1a867741,text/html
